Workbook

Sheet Master Data
B1: Author | C1: Application No. | D1: Branch | E1: Applicant | F1: Co-Applicants | G1: Transaction Type | H1: Property Details | I1: TSR | J1: Vet + CTC | K1: CTC
A2: 1 | B2: Adv. Narayan | C2: .
A3: =A2+1 -> 2 | B3: Adv. Narayan | C3: 77000234182 | D3: Main | E3: Swapan Mandol | F3: ABC | G3: Resale | H3: Pune. Ganesh Peth. CTS No. 48 | I3: 99
A4: =A3+1 -> 3 | B4: Adv. Narayan | C4: 7792016425 | D4: Main | E4: Aahan Buildcon | I4: 99
A5: =A4+1 -> 4 | B5: Adv. Narayan | C5: 77000250964 | D5: Baner | E5: Santosh Ghumare | I5: 99
A6: =A5+1 -> 5 | B6: Adv. Narayan | C6: 7792144896 | D6: Wakad | E6: Dattatray Suresh Kalbhor | F6: Mrs. Deepali Dattatray Kalbhor | G6: Builder Purchase | H6: All that residential Apartment No. 2405 on the 24th Floor, admeasuring 55.76 Sq. Mtrs. carpet area, along with appurtenant area of 9.14 Sq. Mtrs., including attached balcony admeasuring 2.60 Sq. Mtrs., in the Building No. G, known as “Giardino” in the project known as “Puraniks Abitante Fiore, Phase 2B”, to be constructed on the aforesaid entire land property, i.e. Survey No. 233/1 to 7/235/1/235/2A/235/2B/244/2 and others, situated at Village – Bavdhan Budruk, Taluka – Mulshi, District – Pune. | I6: 99
A7: =A6+1 -> 6 | B7: Adv. Narayan | C7: APF | D7: Main | E7: Tathastu | I7: 99
A8: =A7+1 -> 7 | B8: Adv. Narayan | C8: 77000238463 | D8: Main | E8: Pradeep Patil | G8: Resale | H8: All that piece and parcel of property bearing Flat No. 704, having built-up area admeasuring of 601 sq. feets., i.e. 55.85 sq. mtrs., along with terrace area admeasuring of 74 sq. feets., i.e. 6.87 sq. mtrs., i.e. total saleable area admeasuring of 638 sq. feets., i.e. 59.29 sq.mtrs., situated on the Seventh Floor, along with one two wheeler parking space, in Building No. "K-2", out of the project known as "Kate Puram-II", constructed on the land bearing No. Plot No. 3+4, out of the Survey No. 48/1/1 + 48/2/1, situated at Village - Pimpale Gurav, Taluka - Haveli, District - Pune and within local limits of Pimpri Chinchwad Municipal Corporation, Pimpri. | I8: 99
A9: =A8+1 -> 8 | B9: Adv. Narayan | C9: 77000249933 | D9: Main | E9: Swapnil Mardane | G9: BT Top UP | H9: All that residential Flat/Apartment No. 108, having built-up area admeasuring 1059.50 Sq. Feet (i.e. 98.46 Sq. Mtrs.), along with adjoining terrace area admeasuring 62.88 Sq. Feet (i.e. 5.84 Sq. Mtrs.), aggregating to total saleable area of 1100 Sq. Feet (i.e. 102.23 Sq. Mtrs.), situated on the First Floor, in Wing B-2 of the building known as “Sneha Vihar B-2 Co-operative Housing Society Ltd.”, constructed on land bearing Survey No. 82, Hissa No. 10, situated at Village – Shivane, Taluka – Haveli, District – Pune, within the limits of Pune Municipal Corporation. | I9: 99
A10: =A9+1 -> 9 | B10: Adv. Narayan | C10: 77000251190_1 | D10: Baner | E10: VRINDA MANISH BUTTAN | G10: BT Top UP | H10: All that residential Flat/Apartment No. 701, admeasuring 92.44 Sq. Mtrs. (i.e. approximately 995.01 Sq. Feet), situated on the 7th Floor, in “D” Building of the project known as “Maestros”, constructed on land bearing Survey No. 60/7, situated at Village – Wanawadi (Wanorie), Taluka – Haveli, District – Pune, within the limits of Pune Municipal Corporation, along with the right to use one car parking space, together with all easements, rights and appurtenances thereto. | I10: 99
A11: =A10+1 -> 10 | B11: Adv. Narayan | C11: 77000251190_2 | D11: Baner | E11: VRINDA MANISH BUTTAN | G11: BT Top UP | H11: All that residential Flat/Apartment No. 701-B, admeasuring 88.72 Sq. Mtrs. (i.e. approximately 955.00 Sq. Feet), situated on the 7th Floor, in “D” Building of the project known as “Maestros”, constructed on land bearing Survey No. 60/7, situated at Village – Wanawadi (Wanorie), Taluka – Haveli, District – Pune, within the limits of Pune Municipal Corporation, together with undivided share of 0.190% in the land, along with all easements, rights and appurtenances thereto. | I11: 99
A12: =A11+1 -> 11 | B12: Adv. Narayan | C12: 77000251190_3 | D12: Baner | E12: VRINDA MANISH BUTTAN | G12: BT Top UP | H12: All that residential Flat/Apartment No. 801, admeasuring 88.26 Sq. Mtrs. (i.e. approximately 949.91 Sq. Feet), situated on the 8th Floor, in “D” Building of the project known as “Maestros”, constructed on land bearing Survey No. 60/7, situated at Village – Wanawadi (Wanorie), Taluka – Haveli, District – Pune, within the limits of Pune Municipal Corporation, together with adjoining terrace and terrace appurtenant to the said flat admeasuring in aggregate 157.93 Sq. Mtrs., along with undivided share of 0.190% in the land, together with all easements, rights and appurtenances thereto. | I12: 99
A13: =A12+1 -> 12 | B13: Adv. Narayan | C13: 7792150927 | D13: Hadapsar | E13: Bharat Motkar | G13: Resale | H13: All that piece and parcel of property admeasuring of H. 00-01.39 Ares, i.e. 139.40 sq. mtrs., i.e. 1500 sq. feets., out of land bearing Survey No. 39/2/3, having an area admeasuring of H. 00-83 Ares, assessed at Rs. 05-25 Paise, situated at Village – Manjari Budruk, Taluka – Haveli, District – Pune | I13: 99
A14: =A13+1 -> 13 | B14: Adv. Narayan | C14: 77000228844 | D14: Chinchwad | E14: Dhananjay Kulkarni | G14: Resale Home Loan | H14: All that piece and parcel of residential Flat bearing No. 104, situated on the First Floor in Wing ‘O’ of the building known as “Hubtown Countrywoods”, constructed on a part of the land bearing Survey No. 45/1/1 and other Hissa Numbers, admeasuring in aggregate 17 Hectares 27.1686 Ares (i.e. 1,72,716.86 Sq. Mtrs.), out of which an area admeasuring 11,969.99 Sq. Mtrs. is earmarked for the said project and out of which the building is constructed on land admeasuring 1,293.63 Sq. Mtrs., situated at Village Kondhwa Budruk, Taluka Haveli, District Pune, within the limits of Pune Municipal Corporation, the said Flat admeasuring Carpet Area 64.01 Sq. Mtrs. along with additional saleable terrace area admeasuring 3.43 Sq. Mtrs., together with one stilt car parking space and all easements, rights and appurtenances attached thereto. | I14: 99
A15: =A14+1 -> 14 | B15: Adv. Narayan | C15: 7792138312 | D15: Wakad | E15: Shubham Tayade | G15: Resale | H15: All that piece and parcel of property bearing H. 00-00.50 Ares, i.e. 500 sq. feets., out of Survey No. 79/13/10, having an area admeasuring of H. 00-01.50 Ares, assessed at Rs. 00-05 Paise, situated at Village – Rahatani, Taluka – Haveli, District – Pune | I15: 99
A16: =A15+1 -> 15 | B16: Adv. Narayan | C16: 77000249866 | D16: Kolhapur | E16: Bharat Sanjay Vaidya | G16: Apana Ghar Self Construction | H16: All that piece and parcel of non-agricultural property admeasuring 47.46 Sq. Mtrs., together with a residential house constructed in the year 2011, built with brick and mud walls and having a cement sheet roof, admeasuring 330 Sq. Ft., constructed on the land bearing CTS No. 460, situated at Village – Chandur, Taluka – Hatkanangale, District – Kolhapur | I16: 99
A17: =A16+1 -> 16 | B17: Adv. Narayan | C17: 77000240410 | D17: Hadapsar | E17: Abhijeet Auto Components Pvt Ltd | F17: 1) Mr. Jitendrakumar Narayan Singh 2) Mr. Arunkumar Narayan Singh 3) Mr. Santoshkumar Narayan Singh | G17: BT + TOP-UP | H17: All that piece and parcel of property admeasuring of H. 00-05 Ares, out of Survey No. 35, Hissa No. 2/1, having an area admeasuring of H. 01-30.50 Ares, together with Pot-Kharab area admeasuring of H. 00-33 Ares, i.e. total area admeasuring of H. 01-63.50 Ares, assessed at Rs. 02-62 Paise, situated at Village – Uruli Devachi, Taluka – Haveli, District – Pune | I17: 99
A18: =A17+1 -> 17 | B18: Adv. Narayan | C18: 77000247265 | D18: Kolhapur | E18: Mr.Umravati Jakkappa Patil | F18: Umesh Jakkappa Patil | G18: HL Premium Seller BT | H18: All that piece and parcel of non-agricultural property bearing Plot No. 5, having an area admeasuring of 104.80 sq. mtrs., together with construction of RCC building having an area admeasuring of 1150 sq. feets., carved out of Gat No. 282, Hissa No. 26, having an area admeasuring of H. 00-19 Ares, assessed at Rs. 00-22 Paise, situated at Village – Gokul Shirgaon, Taluka – Karveer, District – Kolhapur | I18: 99
A19: =A18+1 -> 18 | B19: Adv. Narayan | C19: 77000240220 | D19: Kolhapur | E19: Subhash Shamrao Patil | F19: Suman Subhash Patil | G19: Apana Ghar Regular | H19: All that piece and parcel of non-agricultural property admeasuring of H. 00-02 Ares, i.e. 200 sq. mtrs., out of Survey No. 15, Hissa No. 3/1, having total area admeasuring of H. 00-32 Ares, assessed at Rs. 04-25 Paise, situated at Village – Kokrud, Taluka – Shirala, District – Sangli | I19: 99
A20: =A19+1 -> 19 | B20: Adv. Narayan | C20: 77000254383 | D20: Kolhapur | E20: Tajmohammad | F20: Khairul Nesha | G20: Apana Ghar Regular | H20: All that piece and parcel of property admeasuring of Gat No. 298/1A/Plot No./37, having an area admeasuring of 66 sq. mtrs., together with RCC building consisting of Ground Floor having built-up area admeasuring of 52.80 sq. mtrs., and First Floor having built-up area admeasuring of 52.80 sq. mtrs., i.e. total built-up area admeasuring of 105.60 sq. mtrs., situated at Village – Kalambe Tarfe Thane, Taluka – Karveer, District – Kolhapur | I20: .
A21: =A20+1 -> 20 | B21: Adv. Narayan | C21: 77000225313 | D21: Kolhapur | E21: Tanaji Rau Vithekar | G21: Apana Ghar Regular (HL Self Construction) | H21: All that piece and parcel of the non-agricultural property bearing CTS No. 65, admeasuring 174.09 Sq. Mtrs., together with an existing structure constructed of stone, brick and mud, having a built-up area admeasuring 52.12 Sq. Mtrs., situated at Village Akurde, Taluka Panhala, District Kolhapur
A22: =A21+1 -> 21 | B22: Adv. Narayan | C22: 77000251375 | D22: Kolhapur | E22: Jagdish Mohanram Mahariya | F22: Dhannaram Mohanram Maharia | G22: LAP | H22: All that piece and parcel of property admeasuring of H. 00-14 Ares, out of Gat No. 54, having an area admeasuring of H. 00-85 Ares, together with Pot-Kharab area admeasuring of H. 00-09 Ares, assessed at Rs. 01-75 Paise, situated at Village – Vikaswadi, Taluka – Karveer, District – Kolhapur
A23: =A22+1 -> 22 | B23: Adv. Narayan | C23: 7800236434 | D23: Wakad | E23: Kanisfatima Imran Shaikh | F23: Imran Anwar Shaikh | G23: Resale | H23: All that piece and parcel of the property being Flat No. 122, admeasuring 693 Sq. Ft. i.e. 64.38 Sq. Mtrs. saleable area, situated on the Sixth Floor, in Wing “A” of the building known as “Waghere Towers”, constructed on the land bearing Survey No. 101/1B, CTS No. 6449 (part), situated at Village Pimpri Waghere, within the limits of Pimpri Chinchwad Municipal Corporation, Taluka Haveli, District Pune, together with all rights, easements and appurtenances thereto. | I23: 8888725508
A24: =A23+1 -> 23 | B24: Adv. Narayan | C24: 77000251172 | D24: Vishrantwadi | E24: Seema Abhijeet Rithe | F24: Nilesh Soundade | G24: Resale | H24: All that piece and parcel of the property being Flat No. 351, admeasuring 928 Sq. Ft. i.e. 86.25 Sq. Mtrs. carpet area, along with terrace admeasuring 109 Sq. Ft. i.e. 10.13 Sq. Mtrs., situated on the Third Floor, in Building No. “I” (Tropica I Co-operative Housing Society Limited) of the project known as “Tropica”, constructed on land bearing Survey Nos. 56/1A, 57/2, 58/1A and 57/1B, situated at Village Ravet, Taluka Haveli, District Pune, within the limits of Pimpri Chinchwad Municipal Corporation, together with Car Parking No. 727 (below central podium garden), bearing Property No. 1150103129.00 and Electricity Consumer No. 170074482328, along with all rights, easements and appurtenances thereto.
A25: =A24+1 -> 24 | B25: Adv. Narayan | C25: 77000254880 | E25: Anand Masurkar | G25: Builder Purchase
A26: =A25+1 -> 25 | B26: Adv. Narayan | C26: 77000249626 | D26: Kharadi | E26: Amit Arvind Kadam | F26: Pallavi Amit Kadam | G26: Balance Transfer | H26: All that piece and parcel of the property being Apartment No. 1304, admeasuring 53.52 Sq. Mtrs. carpet area, along with adjoining open balcony admeasuring 7.68 Sq. Mtrs., situated on the Thirteenth Floor, in Building No. “B” of the project known as “Yashada Supreme”, constructed on land bearing Gat No. 96 admeasuring 2 H 25 R (including Pot Kharaba area 0 H 3 R) and Gat No. 97 admeasuring 0 H 64 R (including Pot Kharaba area 0 H 1 R), aggregating to total land admeasuring 2 H 30 R, situated at Village Dudulgaon, Taluka Haveli, District Pune, within the limits of Pimpri Chinchwad Municipal Corporation, together with all rights, easements and appurtenances thereto.
A27: =A26+1 -> 26 | B27: Adv. Narayan | C27: 77000255326 | D27: Kolhapur | E27: Santosh Hirappa Sutar | F27: Suraj Hirappa Sutar | G27: Non Home Loan LAP | H27: All that piece and parcel of properties bearing- a. Plot No. 1, having an area admeasuring of 147.98 sq. mtrs., b. Plot No. 2, having an area admeasuring of 141.47 sq. mtrs., c. Plot No. 3, having an area admeasuring of 150.67 sq. mtrs., d. Plot No. 4, having an area admeasuring of 159.88 sq. mtrs., i.e. total area admeasuring of 600 sq. mtrs., carved out of entire land bearing R.S. No. 237/3/A, having total area admeasuring of H. 00-17.95 Ares, assessed at Rs. 02-10 Paise, situated at Village – Gokul Shirgaon, Taluka – Karveer, District – Kolhapur
A28: =A27+1 -> 27 | B28: Adv. Narayan | C28: 7792147873 | D28: Baner | E28: Mahika Sales and Services Private Limited | F28: Mr. Mahendrakumar Pandit Patil Mrs. Kavita Mahendrakumar Patil | G28: Plot Purchase | H28: All that piece and parcel of the plot being Plot No. D–13, admeasuring 86.40 Sq. Mtrs., together with proportionate (pro-rata) built-up area admeasuring 49.784 Sq. Mtrs., aggregating to total area admeasuring 136.184 Sq. Mtrs., having total permissible built-up area admeasuring 144.82 Sq. Mtrs., being part of the sanctioned layout known as “Sai Kuber Jewel”, as per Layout Plan bearing No. BP/Layout/Dudulgaon/37/2024 dated 12.07.2024 sanctioned by Pimpri Chinchwad Municipal Corporation, constructed on the land bearing Survey No. 216/1A, admeasuring 3789 Sq. Mtrs., situated at Village Dudulgaon, within the limits of Pimpri Chinchwad Municipal Corporation, Taluka Haveli, District Pune, together with all rights, easements and appurtenances thereto | I28: .
A29: =A28+1 -> 28 | B29: Adv. Narayan | C29: 7792145952 | D29: Wakad | E29: Amar Keshav Khote | F29: Shubhangi Amar Khote | G29: Resale | H29: All that piece and parcel of the property being Apartment/Flat No. 311, admeasuring 37.77 Sq. Mtrs. carpet area, along with balcony admeasuring 4.59 Sq. Mtrs. and one covered car parking space, situated on the Second Residential Habitable Floor, in Building/Tower “D” of the project known as “Life Republic – Sector R-10 / Avenue-10 (Universe) Phase-4”, constructed on land bearing New Survey No. 86 (Old Survey No. 78/1 Part, 80, 81 Part and others), New Survey No. 74/B (Old Survey No. 74/2, 74/3, 74/9/2 and others) and out of Survey Nos. 124/1/1 (Part), 124/1/2 (Part), 124/2 (Part) and others, situated at Villages Jambe, Nere and Marunji, Taluka Mulshi, District Pune, together with all rights, easements and appurtenances thereto. | I29: .
A30: =A29+1 -> 29 | B30: Adv. Narayan | C30: 77000240495 | D30: Hadapsar | E30: Akash Kale | F30: Swati Kale | G30: Plot + Construction | H30: All that piece and parcel of property bearing Private Plot No. 40, having an area admeasuring of H. 00-00.98 Ares, i.e. 1058 sq. fees., out of the project known as Sai Balaji Greens carved out of land bearing Survey No. 7, Hissa No. 6/6, admeasuring of H. 00-21 Ares, assessed at Rs. 00-75 Ares, situated at Village – Manjari Budruk, Taluka – Haveli, District – Pune | I30: .
A31: =A30+1 -> 30 | B31: Adv. Narayan | C31: 77000256070 | D31: Baner | E31: Subrata Nitai Patra | F31: Nil | G31: LAP BT + TOP UP | H31: All that piece and parcel of the property being Residential Apartment No. 7, admeasuring 74.34 Sq. Mtrs. built-up area, situated on the Third Floor, in the building known as “Vitthal Rukhmini Apartment”, constructed on the land bearing City Survey No. 477-A, situated at Raviwar Peth (Gaothan), Pune, Taluka Haveli, District Pune, within the local limits of Pune Municipal Corporation, Pune together with 12.86% undivided share in the common areas and facilities and all other rights, easements and appurtenances thereto. | I31: .
A32: =A31+1 -> 31 | B32: Adv. Narayan | C32: 77000216379 | D32: Baner | E32: Eknath Govind Pardeshi | F32: Gayatri Eknath Pardeshi | G32: Resale | H32: All that piece and parcel of proeprty bearing Flat No. A-7, having an area admeasuring of 500 sq. feets, situated ont eh Stilt Floor, out of the society known as "Gokul Park Co-Operative Housing Society Limited", constructed on the land bearing Plot No. RH-91/2, G-Block, MIDC, situated at Village - Akurdi, Taluka - Haveli, District - Pune and within local limits of Pimpri Chinchwad Municipal Corporation, Pimpri and wihtin jurisdiction of MIDC, Pimpri. | I32: .
A33: =A32+1 -> 32 | B33: Adv. Narayan | C33: 77000252808 | D33: Baner | E33: Prem Wilfred alosias Paul Monis | F33: Zitha Pinto | G33: HL Resale | H33: All that piece and parcel of property bearing Flat No. B-404, having an area admeasuring of 55.28 sq. mtrs., i.e. 595 sq. feets., (Carpet), along with terrace area admeasuring of 4.18 sq. mtrs., i.e. 45 sq. feets., situated on the Fourth Floor, out of the project known as “Nital Residency”, constructed on the entire land property, i.e. Survey No. 35, Hissa No. 1, situated at Village – Narhe, Taluka – Haveli, District – Pune and within local limits of Pune Municipal Corporation, Pune. | I33: .
A34: =A33+1 -> 33 | B34: Deepali | C34: 77000251513 | D34: Chinchwad | E34: Mr. Omprakash Sharma | F34: Mrs. Kiran Devi, W/o. Omprakash Sharma | G34: Builder Purchase | H34: All that piece and parcel of the Flat No.301 admeasuring 25.35 Sq. Mtrs. (Carpet Area) along with Enclosed Balcony admeasuring 7.45 Sq. Mtrs. and Open Balcony admeasuring 2.80 Sq. Mtrs. on the Third Floor, in the said project known as "Lotus Residency", constructed on the Private Plot No. 11 and 12 carved out of Survey No. 13/1A/3/2, situated at Village – Mamrudi, Taluka – Haveli, District – Pune and within local limits of Pimpri Chinchwad Municipal Corporation, Pimpri. | I34: .
A35: =A34+1 -> 34 | B35: Deepali | C35: 77000251175_1 | D35: Main | E35: Aaiji Developers | F35: Jiwaram Magaji Choudhary Suresh Jiwaram Choudhary Hemant Jiwaram Choudhary | G35: Lap Commercial | H35: All that piece and parcel of property bearing Office No. 401, having carpet area admeasuring of 714.50 sq. mtrs., situated on the Fourth Floor, out of the project known as “Solitaire Business Hub – Baner”, constructed on the entire land bearing Survey No. 3/7B,+ 9 situated at Village Baner, Taluka – Haveli, District – Pune and within local limits of Pune Municipal Corporation, Pune.
A36: 34A | B36: Deepali | C36: 77000251175_2 | D36: Main | E36: Aaiji Developers | F36: Jiwaram Magaji Choudhary Suresh Jiwaram Choudhary Hemant Jiwaram Choudhary | G36: Lap Commercial | H36: All that piece and parcel of property bearing Office No. 501, having carpet area admeasuring of 714.50 sq. mtrs., situated on the Fifth Floor, out of the project known as “Solitaire Business Hub – Baner”, constructed on the entire land bearing Survey No. 3/7B,+ 9 situated at Village Baner, Taluka – Haveli, District – Pune and within local limits of Pune Municipal Corporation, Pune.
A37: =A35+1 -> 35 | B37: Deepali | C37: 77000258297 | D37: Kolhapur | E37: Anand Madhukar Patil | F37: Rupali Anand patil | G37: Regular HL BT+ TOP-UP | H37: All that piece and parcel of the property bearing Plot No. 64A out of Gut No. 546/1/B/64/A (formed under Gunthewari), admeasuring 204.46 Sq. Mtrs. i.e. 2200 Sq. Ft., situated at E Ward, Kasba Bawda, within the limits of Kolhapur Municipal Corporation, together with a structure thereon comprising a tin shed construction admeasuring 45.00 Sq. Mtrs. (built-up), along with all rights, easements and appurtenances attached thereto
A38: =A37+1 -> 36 | B38: Deepali | C38: 77000256309 | D38: Kolhapur | E38: Dipak Sambhaji Kadam | F38: Rahul Sambhaji Kadam Bharati Rahul Kadam | G38: Regular P+C | H38: A ward Karvir Kolhapur S.No.896
A39: =A38+1 -> 37 | B39: Deepali | C39: 77000255771 | D39: Kolhapur | E39: Satish Mahadev Vetale | F39: Radhika Satish Vetale | G39: BT + TOP-UP | H39: Kasababavda Kolhapur S.No.1476
A40: =A39+1 -> 38 | B40: Deepali | C40: 77000251849 | D40: Kolhapur | E40: Suhas Appasaheb Gavali | F40: Rajshri Suhas Gavali | G40: Regular Lap BT+Topup | H40: A ward Karvir Kolhapur S.No. 858
A41: =A40+1 -> 39 | B41: Deepali | C41: 7792148754 | D41: Chinchwad | E41: Vijendrasingh m tak | G41: LAP | H41: Lohagaon S.No.71
A42: =A41+1 -> 40 | B42: Deepali | C42: 7792151842 | D42: Wakad | E42: Prabhakar Nagesh Tandale | F42: Aruna Prabhakar Tandale | G42: Builder Purchase Non APF | H42: All that piece and parcel of the Flat No. 403, admeasuring Carpet Area 37.44 Sq. Mtrs. along with Sit-out Area 3.57 Sq. Mtrs., situated on the Fourth Floor, in Building “D” (EWS) of the project known as “Gangadham Towers”, constructed on the land bearing CTS No. 370, Hissa No. 4 (earlier Survey No. 578, Hissa No. 2), situated at Village Bibwewadi (Munjeri), Taluka Pune City, District Pune, within the limits of Pune Municipal Corporation.
A43: =A42+1 -> 41 | B43: Deepali | C43: 77000250398 | D43: Wakad | E43: Patansing Patlawat | G43: LAP | H43: Nande Pune S.No.35
A44: =A43+1 -> 42 | B44: Deepali | C44: 77000254650 | D44: Wakad | E44: Bhagwandatta Varma | F44: Nirmala Varma | G44: Lap | H44: All that piece and parcel of the property being Flat No. 13, admeasuring 850 Sq. Ft. i.e. 78.99 Sq. Mtrs., situated on the Second Floor, in Wing “B” of Building “B”, in the building known as “Swapnanagari”, constructed on land bearing Gat Nos. 381, 382, 383, 384, 385, 386, 370, 390 and 484/3, admeasuring total non-agricultural area 44,476.91 Sq. Mtrs., situated at Village Chakan, Taluka Khed, District Pune, together with all rights, easements and appurtenances thereto.
A45: =A44+1 -> 43 | B45: Deepali | C45: 77000253700 | D45: Kolhapur | E45: Pawan Tukaram Bhosale | F45: Sharada Tukaram Bhosale | G45: Resale Purchase - Apana Ghar Regular | H45: All that piece and parcel of Flat No. 201, admeasuring 47.08 Sq. Mtrs. carpet area and 62.45 Sq. Mtrs. super built-up area, situated on the Second Floor of the building known as “Tulip Buds”, constructed on land bearing R.S. No. 529/1, T.P. Scheme No. 3, Final Plot No. 30 (Part), situated at Kasba Karveer, Taluka Karveer, ‘E’ Ward, Kolhapur.
A46: =A45+1 -> 44 | B46: Narayan | C46: 77000244864 and 7792149821 | D46: Baner | E46: Sangeeta Yogesh Hajare | F46: Yogesh Ajitsingh Hajare | G46: NRP Purchase | H46: All that piece and parcel of Shop No. 3 admeasuring about 31.97 Sq. Mtrs. (Built-up) i.e. 344 Sq. Ft., along with Loft admeasuring about 11.99 Sq. Mtrs. i.e. 129 Sq. Ft. and open space in front of the said shop admeasuring about 32.53 Sq. Mtrs. i.e. 350 Sq. Ft., situated on the Stilt and Upper Ground Floor in Building “B”, known as Meenakshi Puram B Building Co-operative Housing Society Ltd., constructed on land bearing Survey No. 42/1 (Part), situated at Village Wadgaon Budruk, Taluka Haveli, District Pune, within the limits of Pune Municipal Corporation, along with all rights, easements and appurtenances attached thereto. | I46: .
A47: =A46+1 -> 45 | B47: Deepali | C47: 77000256348 | D47: Main | E47: Mayur Shankar Amrale | F47: Kunal Shankar Amrale | G47: Case self contraction | H47: All that piece and parcel of property bearing CTS No. 41, having an area admeasuring of 164.31 sq. mtrs., situated at Village – Ambethan, Taluka – Khed, District – Pune. | I47: .
A48: =A47+1 -> 46 | B48: Deepali | C48: 77000232406 | D48: Baner | E48: Saumya Umeshkumar Trivedi | G48: HL Resale | H48: All that piece and parcel of the Flat No. 601, admeasuring Carpet Area 41.17 Sq. Mtrs. i.e. 443 Sq. Ft. along with additional saleable terrace area admeasuring 3.25 Sq. Mtrs. i.e. 35 Sq. Ft., situated on the Sixth Floor of Wing “H” in the project known as “Akruti Countrywoods”, constructed on land bearing Survey Nos. 45/1/1, 45/1/4, 45/1/4/1, 45/1/4/6, 45/1/4/8A, 45/2/1, 45/2/2, 45/3/1, 45/3/2, 45/3/3, 45/3/9, 45/3/11, 45/3/14 (part), 45/3/15, 45/3/16, 45/3/17, 45/3/18, 45/4/1, 45/4/2 (part), 45/5/1, 45/5/2, 45/5/4, 45/5/5 and its sub-divisions, 45/5/6, 45/5/7, 45/5/9, 45/5/13, 45/5/15, 45/5/16, 45/6/1 (part), 45/6/2, 45/6/3, 45/6/4 and its sub-divisions, 45/6/5, 45/6/6, 45/7/1, 45/7/2, 45/7/3, 45/7/4, 45/7/5 and its sub-divisions, 45/7/6 (part), 45/7/7, 45/7/8 and its sub-divisions, 45/7/9 and its sub-divisions, 45/3/10, 45/3/12, 45/3/13, 45/3/19, 45/3/20, 45/3/21, 45/3/22 and its sub-divisions, 45/5/3, 45/5/8, 45/5/10, 45/5/11, 45/5/12 and its sub-divisions, 45/5/14, together admeasuring in aggregate about 17 Hectares 29.3386 Ares i.e. 172,933.86 Sq. Mtrs., out of which land admeasuring 54,339.99 Sq. Mtrs. is developed for the said project, situated at Village Kondhwa Budruk, Taluka Haveli, District Pune, within the limits of Pune Municipal Corporation, together with all rights, easements and appurtenances attached thereto.
A49: =A48+1 -> 47 | B49: Narayan | C49: 77000244840 | D49: Hadapsar | E49: Jyoti Mahadev Sandur | G49: Resale | H49: All that piece and parcel of the residential flat bearing Flat No. 1, admeasuring Built-up Area 530 Sq. Ft. (i.e. 49.25 Sq. Mtrs.), situated on the Ground Floor, in Wing “A” of the building known as “Shivtirth Apartment”, constructed on the entire land property bearing Survey No. 37, Hissa No. 4, situated at Village - Dhanakwadi, Taluka Haveli, District Pune, and within local limits of Pune Municipal Corporation, Pune. | I49: .
A50: =A49+1 -> 48 | B50: Deepali | C50: 77000236583 | D50: Main | E50: waman jadhav | F50: mahananda jadhav | G50: resale( seller BT) | H50: All that piece and parcel of the Flat No. 1, admeasuring 48.60 Sq. Mtrs., together with adjoining terrace admeasuring 46 Sq. Ft. i.e. 4.27 Sq. Mtrs. (built-up), situated on the First Floor of the building known as “Pratibha Apartment”, constructed on land bearing Survey Nos. 23, 24, 55, 57 and 58 corresponding to City Survey No. 23, out of Plot No. 80, situated at Village Karvenagar, Taluka Haveli, District Pune.
A51: =A50+1 -> 49 | B51: Deepali | C51: 77000255667 | D51: Vishrantwadi | E51: Rushi kale | F51: Gorakh kale | G51: Lap | H51: Hadapsar S.No. 231 | I51: 7040506640(SIR)
A52: =A51+1 -> 50 | B52: Deepali | E52: Riverview city construction Ltd | G52: APF | I52: 7030156651(MAIL)
A53: =A52+1 -> 51 | B53: Deepali | C53: 77000244624 | D53: Baner | E53: Rekha Ankush Kongale | F53: Ankush Vyankat Kongale | G53: BUILDER PURCHASE | H53: All that piece and parcel of the residential premises being Flat No. 705, situated at Seventh Floor, admeasuring about 427.87 Sq. ft. = 39.76 Sq. mtrs. carpet alongwith balcony admeasuring about 50.26 Sq. ft. = 4.67 Sq. mtrs. thus total admeasuring about 478.13 Sq. ft. = 44.42 Sq. mtrs. in the building of Nakshatra Residency Cooperative Housing Society Ltd. constructed on land Survey No. 43, Hissa No. 7/2A/1/1 and Survey No. 43, Hissa No. 7/2B, situated at Village Katraj, Taluka Haveli, District Pune and within local limits of Pune Municipal Corportion, Pune. | I53: .
A54: =A53+1 -> 52 | B54: Deepali | C54: 77000242496 | D54: Kharadi | E54: Sambhaji Vasant Choudhary | G54: Plot + Contruction | H54: All that piece and parcel of non-agricultural property admeasuring of H. 00-04 Ares, out of Gat No. 991, having an area admeasuring of H. 01-32 Ares, assessed at Rs. 03-06 Paise, situated at Village – Ranjangao Ganpati, Taluka – Shirur, District – Pune
A55: =A54+1 -> 53 | B55: Deepali | C55: 364010445963 | D55: Kolhapur | E55: Virendra Krushnat Patil | F55: Nil | G55: home loan | H55: All that piece and parcel of property admeasuring of 31.66 sq. mtrs., out of non-agricultural property bearing CTS No. 2874, having an area admeasuring of 47.5 sq. mtrs., situated at Village – Kodoli, Taluka – Panhala, District Kolhapur. | I55: .
A56: =A55+1 -> 54 | B56: Deepali | C56: 77000244340 | D56: Kolhapur | E56: Kedar Narayan Khandagale | F56: Surekha Narayan Khandagle | G56: Home Loan Resale | H56: Kandal Gaon Kolhapur S.No. 106
A57: =A56+1 -> 55 | B57: Deepali | C57: 7792132614 | D57: Kharadi | E57: Makuniversal Infratech India Private Limited | F57: piyush pandit ,nandkumar pandit ,jyoti pandit | G57: LAP case | I57: 9112040427 (NLK Mobile)
A58: =A57+1 -> 56 | B58: Adv. Narayan
A59: =A58+1 -> 57 | B59: Pooja | C59: 77333239804 | D59: Main | E59: Vitthal Maruti Mane | G59: Balance Transfer | H59: All that piece and parcel of property bearing L Room No. 210, having an area admeasuring of 25.95 Sq. Mtrs. (Carpet Area 15.09 Sq. Mtrs. + Terrace Area 10.86 Sq. Mtrs.), situated on the Second Floor, in Building known as “Udyam Bizcasa”, out of the project known as “Udyam Bizcasa”, constructed/to be constructed on the entire land property, i.e. Survey No. 128/2 (Old Survey No. 128), situated at Village – Saswad, Taluka – Purandar, District – Pune and within local limits of Saswad Municipal Council. | I59: Document hard copy
A60: =A59+1 -> 58 | B60: Deepali | C60: 77000244887 | D60: Chinchwad | E60: Satish Kumar Pandey | F60: Mamata Satishkumar Pandey | G60: Builder Purshases | H60: All that piece and parcel of property bearing Office No. 450, having an area admeasuring of 30.65 sq. mtrs. Situated on the 4th Floor, out of the project known as “Shakuntal Commercia”, being constructed on the entire land property, i.e. Gat No. 68, situated at Village – Chikhali, Taluka – Haveli, District – Pune and within local limits of Pimpri Chinchwad Municipal Corporation, Pimpri.
A61: =A60+1 -> 59 | B61: Adv. Narayan | C61: APF | D61: Baner | E61: Riveriew City
A62: =A61+1 -> 60 | B62: Deepali | C62: 77000250434 | D62: Main | E62: Abduljalil Farooque ansari | F62: Jaibunnisa Abduljalil Ansari | G62: Lap Residential | H62: Chikhali S.No.741 | I62: Main Group
A63: =A62+1 -> 61 | B63: Deepali | C63: 77000222267 | D63: Vishrantwadi | E63: Aditya Vijay Wadekar | F63: Vijay Sitaram Wadekar | G63: Resale | H63: All that piece and parcel of property bearing Flat No. A-11, having an area admeasuring of 875 sq. feets., i.e. 81.31 sq. mtrs., situated on the Third Floor, out of the project known as “Rajlaxmi Glory”, constructed on the entire land property, i.e. Plot No. 2, carved out of Gat No. 490/1, (Old Gat No. 1842), situated at Village – Medankarwadi, Taluka – Khed, District – Pune. | I63: 8600751454 Sir whats up
A64: =A63+1 -> 62 | B64: Deepali | C64: 77000261957 | D64: Chinchwad | E64: MRUNALINI Vishwas Tongale | F64: Viraj Vishwas Tongale | G64: LAP | H64: All that piece and parcel of property bearing Shop (Store) No. 32, having an area admeasuring of 175 sq. feets., i.e. 16.26 sq. mtrs., situated on the Ground Floor, out of the project known as “Khandage Arcade”, constructed on the land bearing CTS No. 1158 to 1184, situated at Village – Talegaon Dabhade (Shahari), Taluka – Mawal, District – Pune. | I64: 9307166109 Sir Whats up
A65: =A64+1 -> 63 | B65: Deepali | C65: 77000253345_1 | D65: Main | E65: M/s. Wakadkar Brothers | F65: Mr. Vishal Yashwant Wakadkar Mr. Yashwant Sopan Wakadkar | G65: LAP - RESI | H65: All that residential Flat bearing No. 406, situated on the 4th Floor, admeasuring 631 Sq. Ft. saleable built-up area along with terrace, in the project known as “Atelier”, constructed on the land bearing Survey No. 173/1/1B, situated at Village Mouje Wakad, Taluka Mulshi, District Pune, within the limits of Pimpri Chinchwad Municipal Corporation. | I65: 9075190961 Sir what up Mail
A66: 63A | B66: Adv. Narayan | C66: 77000253345_2 | D66: Main | E66: M/s. Wakadkar Brothers | F66: Mr. Vishal Yashwant Wakadkar Mr. Yashwant Sopan Wakadkar | G66: LAP - RESI | H66: All that piece and parcel of property bearing Flat/Apartment No. B-206, having an area admeasuring 65.82 Sq. Mtrs. (Carpet Area 51.10 Sq. Mtrs. + Enclosed Balcony Area 6.11 Sq. Mtrs. + Dry Balcony Area 2.21 Sq. Mtrs. + Terrace Area 6.40 Sq. Mtrs.), situated on the Second Floor, in Wing ‘B’, out of the project known as “Viva ABCD”, constructed/to be constructed on the entire land property bearing Survey Nos. 130/3/1, 130/3/2 and 130/2/4, situated at Village – Wakad, Taluka – Mulshi, District – Pune, within the limits of Pimpri Chinchwad Municipal Corporation. | I66: .
A67: 63B | B67: Adv. Narayan | C67: 77000253345_3 | D67: Main | E67: M/s. Wakadkar Brothers | F67: Mr. Vishal Yashwant Wakadkar Mr. Yashwant Sopan Wakadkar | G67: LAP - RESI | H67: All that piece and parcel of property bearing Flat/Apartment No. C-107, having an area admeasuring 76.58 Sq. Mtrs. (Carpet Area 58.42 Sq. Mtrs. + Enclosed Balcony Area 5.34 Sq. Mtrs. + Dry Balcony Area 2.21 Sq. Mtrs. + Terrace Area 10.61 Sq. Mtrs.), situated on the First Floor, in Wing ‘C’, out of the project known as “Viva ABCD”, constructed/to be constructed on the entire land property bearing Survey Nos. 130/3/1, 130/3/2 and 130/2/4, situated at Village – Wakad, Taluka – Mulshi, District – Pune, within the limits of Pimpri Chinchwad Municipal Corporation, along with one car parking space. | I67: .
A68: =A65+1 -> 64 | B68: Pooja | D68: Main | E68: Abhijeet Janardhan Sharma | F68: 1
A69: =A68+1 -> 65 | B69: Pooja | C69: 77000193051 | D69: Baner | E69: Atul Sonawane | F69: 2 | H69: All that piece and parcel of land admeasuring of H. 00-02 Ares i.e. 2000 sq. Feets out of the land bearing Survey No. 51A/1C/1, having an area admeasuring of H. 00-31.29 Ares together with Pot-Kharab area admeasuring of H. 00-01 Ares i.e. total area admeasuring of H. 00-32.29 Ares, assessed at Rs. 00-87 Paise, situated at Village – Hadapsar, Taluka – Haveli, District – Pune and within local limits of Pune Municipal Corporation | I69: .
A70: =A69+1 -> 66 | B70: Pooja | C70: 77000198835 | D70: Baner | E70: Prakash Sujaji chaudhary | F70: 3 | H70: All that piece and parcel of property bearing Flat No. 102, having an area admeasuring of 646 sq. Feets. i.e. 60.01 sq. Mtrs., (Carpet), i.e. 877 sq. Feets., i.e. 81.47 sq. Mtrs., saleable built-up, situated on the First Floor, out of the building constructed on the entire land i.e. CTS No. 307, Village – Rasta Peth, Taluka – Haveli, District – Pune and within local limits of Pune Municipal Corporation, Pune. | I70: .
A71: =A70+1 -> 67 | B71: Pooja | C71: 77000205782 | D71: Kharadi | E71: Sagar Turakhia | F71: 4 | H71: All that piece and parcel of property admeasuring of H. 00-42 Ares, out of the Gat No. 568, having total area admeasuring of H. 01-01 Ares, assessed at Rs. 10-30 Ares, sitauted at Village – Koregaon Bhima, Taluka – Shirur, District – Pune and which is bounded as under.- | I71: .
A72: =A71+1 -> 68 | B72: Pooja | C72: 77000217761 | D72: Hadapsar | E72: Santosh Abnave | F72: 5 | H72: Flat / Unit No. A3-303, having carpet area admeasuring about 172.09 Sq. Mtrs., along with terrace area admeasuring of 1500 sq. feets., situate on the Third Floor and also allotted 4 Covered Car Parking Space situated at Ground Floor, in the building named “A3”, out of the project known as “Green Ville”, to be constructed on the entire land property, i.e. Survey No. 211, Hissa No. 11, situated at Village – Hadapsar, Taluka – Haveli, District – Pune and within local limits of Pune Municipal Corporation, Pune. | I72: .
A73: =A72+1 -> 69 | B73: Pooja | C73: 77000231453 | D73: kharadi | E73: Sakshi ROY | F73: 6 | H73: All that piece and parcel of Residential Unit bearing No. 8, admeasuring 817 sq. ft. (i.e. 75.90 sq. mtrs.) built-up area, together with attached terrace area admeasuring 40 sq. ft. (i.e. 3.72 sq. mtrs.), situated on the Third Floor of the building known as “Aashiyana Enclave”, constructed on land bearing Survey No. 33, Hissa No. 2, Plot No. 87, situated at Village Dhanori, Taluka Haveli, District Pune, within the limits of Pune Municipal Corporation, along with the exclusive right to use Car Parking Space No. 8, and together with all appurtenant rights, easements and proportionate undivided share in the said land | I73: .
A74: =A73+1 -> 70 | B74: Pooja | C74: 77000227830 | D74: Baner | E74: Kanaram Prabhuraj Sirvi | F74: 7 | H74: By part of Gat No. 568 and approach road from Pune Nagar Road, | I74: .
A75: =A74+1 -> 71 | B75: Pooja | C75: 77000229645 | D75: Wakad | E75: Akshay Gaikwad | F75: 8 | H75: On or towards the South
A76: =A75+1 -> 72 | B76: Pooja | C76: 77000238977 | D76: Wakad | E76: Sharad Sonawale( flat no A 601) | F76: 9 | H76: All that piece and parcel of property bearing Flat No. A 601, having an area admeasuring of 26.49 sq. mtrs., along with open balcony area admeasuring of 1.56 sq. mtrs., situated on the 6th Floor, along with covered car parking area bearing No. A-26, in Building No. “A”, out of the project known as “Happy City Talegaon”, constructed on the entire land property bearing Survey No. 542, Hissa No. 2, (Old S. No. 725), having corresponding CTS No. 4645, situated at Village – Talegaon Dabhade (Shahari), Taluka – Mawal, District – Pune. | I76: .
A77: =A76+1 -> 73 | B77: Pooja | C77: 77000228807 | D77: Wakad | E77: Sharad Sonawale( flat no A 614) | F77: 10 | H77: Hereinafter, referred to as the “Subject Flat Property”. All that piece and parcel of property bearing Flat No. 614, having a carpet area admeasuring 26.49 Sq. Mtrs., along with open balcony admeasuring 1.56 Sq. Mtrs., situated on the Sixth Floor, in Building No. “A”, in the project known as “Happy City Talegaon”, constructed on the entire land property bearing Survey No. 542, Hissa No. 2 (Old Survey No. 725), corresponding to CTS No. 4645, admeasuring 8700 Sq. Mtrs., situated at Village – Talegaon Dabhade, Taluka – Mawal, District – Pune. | I77: .
A78: =A77+1 -> 74 | B78: Pooja | C78: 77000223008 and 77000223007 | D78: Chinchwad | E78: Akshada kisan Watekar | F78: 11 | H78: All that piece and parcel of property bearing Flat No. 407 on Fourth Floor admeasuring Carpet Area 47.50 Sq. Mtrs., along with Open/Normal Balcony admeasuring 5.42 Sq. Mtrs. (total net usable area admeasuring 52.92 Sq. Mtrs.), in Wing “A” of the project known as “7 SAGAR PLAZA”, constructed on the land bearing CTS No. 1212 and 1213, situated at Rajgurunagar (CT), Taluka Khed, District Pune, within the limits of Rajgurunagar Municipal Council. | I78: .
A79: =A78+1 -> 75 | B79: Pooja | C79: 77000233154 | D79: Main | E79: Avinash Pandurang Jadhav | F79: 12 | H79: All that Row House No. 08 situated on the Ground Floor in the residential project known as “Ganga Village” constructed on land bearing Survey No. 46, Hissa No. 1/1 to 1/8, situated at Village Hadapsar, Taluka Haveli, District Pune, having built-up area admeasuring 1360 Sq. Ft. (126.39 Sq. Mtrs.) together with terrace admeasuring 160 Sq. Ft. (14.68 Sq. Mtrs.), garden admeasuring 285 Sq. Ft. (26.48 Sq. Mtrs.) and car parking area admeasuring 180 Sq. Ft. (16.72 Sq. Mtrs.), along with all rights, easements and appurtenances attached thereto. | I79: .
A80: =A79+1 -> 76 | B80: Pooja | C80: 77000224568 | D80: Kharadi | E80: Jayshree Brahme | F80: 13 | H80: All that piece and parcel of property bearing Apartment No. 612, having carpet area admeasuring 27.02 sq. mtrs., along with enclosed balcony area admeasuring 7.33 sq. mtrs. and exclusive open terrace area admeasuring 3.57 sq. mtrs., situated on the Sixth Floor, in Building “B” of the project known as “Aishwaryam Hamara Gaurav (Aishwaryam Gaurav)”, together with Single Covered Car Parking bearing No. B2-82 admeasuring 10.12 sq. mtrs., to be constructed upon the land more particularly described in Schedule II, forming part of Gat No. 94 situated at Village Chikhali, Taluka Haveli, District Pune and within the local limits of Pimpri Chinchwad Municipal Corporation. | I80: .
A81: =A80+1 -> 77 | B81: Pooja | C81: 77000220475 | D81: Baner | E81: Arjun Rajendra Kudale | F81: 14 | H81: All that piece and parcel of property bearing Shop No. 2, having an area admeasuring of 19.14 sq. mtrs., i.e. 206 sq. feets., situated on the First Floor, out of the building known as "Naushad Cold Drinks", constructed on the land bearing CTS No. 1448/B, having an area admeasuring of 118.1 sq. mtrs., situated at Village – Akluj, Taluka – Malshiras, District – Solapur. | I81: .
A82: =A81+1 -> 78 | B82: Pooja | C82: 77000204915 | D82: Hadapsar | E82: Abhijit Vitthal Jadhav | F82: 15 | H82: All that piece and parcel of property bearing Shop No. 2, having an area admeasuring of 19.14 sq. mtrs., i.e. 206 sq. feets., situated on the First Floor, out of the building known as "Naushad Cold Drinks", constructed on the land bearing CTS No. 1448/B, having an area admeasuring of 118.1 sq. mtrs., situated at Village – Akluj, Taluka – Malshiras, District – Solapur. | I82: .
A83: =A82+1 -> 79 | B83: Pooja | C83: 7792147843 | D83: Wakad | E83: Bagdaram Sakaji Prajapati | F83: 16 | H83: All that piece and parcel of the Plot bearing No. 46 (Type “D”), admeasuring 4932 Sq. Ft. (i.e. 458.20 Sq. Mtrs.), along with adjoining open space admeasuring 7240 Sq. Ft. (i.e. 672.61 Sq. Mtrs.), forming part of the scheme known as “Emirates Hills”, as per the sanctioned layout plan, constructed on the land bearing Gat Nos. 326, 337, 338, 339, 341, 344, 349, 350, 351, 354 to 369, 371, 372, 373, 380, 381 and 382 (Old Survey Nos. 13/2/1/1, 17 and 18), admeasuring in aggregate 11 Hectares 15.12 Ares (i.e. 1,11,512 Sq. Mtrs.), situated at Village Somatne, Taluka Maval, District Pune, within the jurisdiction of Sub-Registrar, Maval. | I83: .
A84: =A83+1 -> 80 | B84: Pooja | C84: 7792138311 | D84: Wakad | E84: Hemant Ugale | F84: 17 | H84: All the piece and parcel of flat property bearing Flat No. 701, admeasuring 663 sq.fts; i.e. 61.593 sq. mtrs; built-up along with attached terrace admeasuring 104 sq.fts; i.e. 9.662 sq. mtrs; which flat is located on the Seventh Floor in the Building ‘B’, of the project known as Suman Shilp Phase-II along with one covered car parking admeasuring 89 sq.fts; i.e. 8.27 sq. mtrs; constructed on the entire land property, i.e. Surve No. 85/1/2, situated at Village – Dighi, Taluka – Haveli, District – Pune and within local limits of Pimpri Chinchwad Municipal Corporation, Pimpri | I84: .
A85: =A84+1 -> 81 | B85: Pooja | C85: 77000237697 | D85: Wakad | E85: Kishore Chunge | F85: 18 | H85: All that piece and parcel of Office Premises admeasuring 48.52 sq. mtrs. carpet area (equivalent to 522.08 sq. ft.) bearing No. “EMPORIUS OFFICE – 410”, situated on the 4th Floor of the building known as “NYATI EMPORIUS”, constructed on the said entire land property more particularly described above, together with the exclusive right of use of: (i) enclosed balcony/ies admeasuring 8.32 sq. mtrs. (89.52 sq. ft.), (ii) open terrace/s at eye level admeasuring 11.60 sq. mtrs. (124.82 sq. ft.), (iii) pantry admeasuring 2.81 sq. mtrs. (30.24 sq. ft.), (iv) toilet admeasuring 3.90 sq. mtrs. (41.96 sq. ft.), and (v) lobby/passage admeasuring 5.25 sq. mtrs. (56.49 sq. ft.), appurtenant thereto; along with exclusive right of use of open/covered parking space/s bearing Nos. “EMPORIUS – BP-18 & 18 A (First Basement Floor)” situated in the First Basement Floor of the said building, together with all easements, rights and appurtenances attached thereto. | I85: .
A86: =A85+1 -> 82 | B86: Pooja | C86: 77000239340 | D86: Chinchwad | E86: Santosh Shankar Pawar | F86: 19 | H86: All that piece and parcel of property bearing Flat No. 71, having an area admeasuring of 350 sq. feets., i.e. 32.53 sq. mtrs., situated on the Third Floor, out of the society known as "Amar Baug Co-Operative Housing Society Limited", constructed on the land bearing Survey No. 11/1, 11/2A, having corresponding CTS No. 4200 (Part), situated at Village – Hadapsar, Taluka – Haveli, District – Pune and within local limits of Pune Municipal Corporaiton, Pune. | I86: .
A87: =A86+1 -> 83 | B87: Pooja | C87: 77000193216 | D87: Chinchwad | E87: Rahees Ansari | F87: 20 | H87: All that piece and parcel of property bearing CTS No. 3947, having an area admeasuring of 29.50 sq. mtrs., and the construction of residential building constructed thereon, situated at Village – Akurdi, Taluka – Haveli, District – Pune and within local limits of Pimpri Chinchwad Municipal Corporation, Pimpri and which is bounded as under.- On or towards the East : By the building known as Parvati Nandan, On or towards the West : By Road, On or towards the North : By the property of Mr. Shaikh, On or towards the South : By the property of Mr. Nagarkar. | I87: .
A88: =A87+1 -> 84 | B88: Pooja | C88: 77000232708 | D88: Main | E88: Dhanraj Naval Patil | F88: 21 | H88: All that piece and parcel of property bearing Flat No. 302 on Third floor admeasuring about 490 Sq.fts. i.e. 45.53 Sq. mtrs. (Built-up) (Inclusive area of Balconies), along with Covered Car parking 100 Sq.fts. i.e. 9.29 Sq.mtrs. in building known as “ ROYAL RESIDENCY” which has been constructed on the entire land proeprty, i.e. Survey No. 76, Hissa No. 4/2, having Plot No. 16 & 17 Village Ravet Taluka Haveli Dist. Pune, within the limits of Pimpri Chinchwad Municipal Corporation, Pimpri. | I88: .
A89: =A88+1 -> 85 | B89: Pooja | C89: 77000209073 | D89: Main | E89: Chaitanya Netke | F89: 22 | H89: All that piece and parcel of property bearing Flat No. 9, having an area admeasuring of 766 sq. feets., i.e. 71.18 sq. mtrs., (built-up), Third Floor, out of the project known as “Santkrupa Plaza”, constructed on the entire land property, i.e. Plot No. 8, carved out of Survey No. 71, Hissa No. 1+2/207, situated at Village – Sangavi, Taluka – Haveli, District – Pune and within local limits of Pimpri Chinchwad Municipal Corporation, Pimpri. | I89: .
A90: =A89+1 -> 86 | B90: Pooja | C90: 77000225368 | D90: kolahpur | E90: Sunil Maruti Patil | F90: 23 | H90: All that piece and parcel of property bearing Flat No. S-206, having carpet area admeasuring of 47.96 sq. mtrs., together with common area admeasuring of 1.39 sq. mtrs., i.e. total carpet area admeasuring of 49.35 sq. mtrs., i.e. total salabe area admeasuring of 64.16 sq. mtrs., situated on the Second Floor, out of the project known as "Naik Kharude Heights", constructed on the entire land property bearing Gat No. 32, situated at Village – Ajara, Taluka – Ajara, District – Kolhapur | I90: .
... A96: =A95+1 -> 92 | B96: Pooja | C96: 77000235288 | D96: Chinchvad | E96: Ramdas Jambhulkar | F96: 29 | H96: All that piece and parcel of Flat No. 501, having Carpet Area admeasuring 177.54 Sq. Mtrs. (i.e. 1911 Sq. Ft.), together with exclusive usage rights of 2 Car Parking Spaces admeasuring 11.00 Sq. Mtrs. each, situated on the Fifth Floor of Tower No. 10 in the project known as “Blue Ridge Township”, constructed on the land bearing Survey Nos. 124/1, 124/2, 125/1, 125/2, 156/1, 156/2, 156/3, 161/1, 161/2, 162, 163/1A, 163/1B, 163/1C, 164/1, 164/2, 165/1 and 165/2 falling under User Zone No. R- 2 (after amalgamation forming consolidated Survey Nos. 119 (Part) to 125 plus 154 (Part) to 160 plus 160/2 to 171 plus 173 Plot No. 1), admeasuring in aggregate 55,329 Sq. Mtrs., forming part of the approved Special Township Scheme known as “Blue Ridge Township”, out of which Residential Project “B Land” admeasuring 22,573.09 Sq. Mtrs., situated at Village Hinjawadi, Taluka Mulshi, District Pune | I96: .
A97: =A96+1 -> 93 | B97: Pooja | C97: 7792149892/ 77950046402 | D97: Chinchvad | E97: Aman Sayyad | F97: 30 | H97: All that piece and parcel of Flat No. PRF-416 admeasuring about 55.27 Sq.Mtrs. (Built-up) along with Terrace admeasuring about 55.27 Sq.Mtrs., situated on the 4th Floor in the Building 'P' (As per PMC record Flat No. 15 Building "B") along with one car park at stilt level, situated in PARMAR RESIDENCY CO-OPERATIVE HOUSING SOCIETY LTD., situated at Survey No.16A, Hissa No.4,CTS No. 669 (part) Kondhwa Khurd,Pune within the limits, of Pune Municipal Corporation | I97: .
A98: =A97+1 -> 94 | B98: Pooja | C98: 77000232703 | D98: Chinchwad | E98: Anesh Mahadev Bhokare | F98: 31 | H98: All that piece and parcel of property bearing Flat No. 305, having an area admeasuring of 558 sq. | I98: .
A99: =A98+1 -> 95 | B99: Pooja | C99: 77000222013 | D99: Kharadi | E99: Arjunsingh Dhaliwal | F99: 32 | H99: All that piece and parcel of property bearing Flat No. 305, having an area admeasuring of 558 sq. | I99: .
A100: =A99+1 -> 96 | B100: Pooja | C100: 77000225251 | D100: Hadapsar | E100: Bhagwat tukaram Satav | F100: 33 | H100: All that piece and parcel of property bearing Flat No. B-404, having an area admeasuring 559 sq. ft., i.e. 51.95 sq. mtrs., situated on the Fourth Floor, in B Wing, in the building known as “Samruddhi Residency”, constructed on the land bearing Plot No. 38A admeasuring 428 sq. mtrs. and Plot No. 38B admeasuring 200 sq. mtrs. + 316 sq. ft. i.e. 29.36 sq. mtrs., aggregating to total area 657.36 sq. mtrs., out of Gat No. 575/2, situated at Village – Kadamwakvasti, Taluka – Haveli | I100: .
A101: =A100+1 -> 97 | B101: Pooja | C101: 77000186882 | D101: Hadapsar | E101: Babasaheb Butkar | F101: 34 | H101: All that piece and parcel of property admeasuring of H. 00-00.50 Ares i.e. 500 sq. Feets out of the land bearing Survey No. 260, Hissa No. 167, situated at Village – Phursungi, Taluka – Haveli, District – Pune and within local limits of Phursungi-Uruli Devachi Nagar Parishad. | I101: .
A102: =A101+1 -> 98 | B102: Pooja | C102: 77000241623 | D102: Hadapsar | E102: Indrabhan Shinde | F102: 35 | H102: All that piece and parcel of the Flat No. 6, having an area admeasuring of 723 Sq. Ft. i.e. 67.19 Sq. Mtrs. (Built-up Area), situated on the First Floor, along with the right to use common parking space on the ground floor, out of the building known as “Dhaval Park Apartment”, constructed on land bearing Survey No. 20, Hissa No. 1/1/53, lying, being and situated at Mouje Dighi, Taluka Haveli, District Pune and within local limits of Pimpri Chinchwad Municipal Corporation, Pimpri. | I102: .
A103: =A102+1 -> 99 | B103: Pooja | C103: 77000181692 | D103: Vishrantwadi | E103: Shankar Rambhau Margale | F103: 36 | H103: All that piece and parcel of property bearing Flat No. 802, admeasuring 68.20 Sq. Mtrs. (734 Sq. Ft.) carpet area, along with enclosed balcony, if any, and one covered car parking space admeasuring 5.50 Sq. Mtrs. (59 Sq. Ft.), being Car Parking No. 10 in the upper basement, situated on the Eighth Floor, in the building known as “Sarthk Highrich", constructed on the land bearing Survey No. 132/1/13/2/1, Plot Nos. 1 and 3, admeasuring in aggregate 00 H 29.75 Are, situated at Village – Dhayari, Taluka – Haveli, District – Pune and within the local limits of Pune Municipal Corporation. | I103: .
A104: =A103+1 -> 100 | B104: Pooja | C104: 77000249105 | D104: Main | E104: Mansanna Ramanna Nangi | F104: 37 | H104: All that piece and parcel of the residential flat bearing Flat No. 501, admeasuring carpet area 43 Sq. Mtrs., along with enclosed balcony admeasuring 13.57 Sq. Mtrs. and terrace area admeasuring 5.67 Sq. Mtrs., together with parking, situated on the Fifth Floor in the building known as “Vitthal Residency”, constructed on the land bearing Survey No. 73/1/1/2/2 and Survey No. 73/1/1/2/2/1, situated at Village Mouje Kiwale, Taluka Haveli, District Pune, and within the limits of Pimpri Chinchwad Municipal Corporation, Pimpri. | I104: .
A105: =A104+1 -> 101 | B105: Pooja | C105: 77000237872 | E105: ARNAV VIJAY THITE | F105: 38 | H105: All that piece and parcel of property bearing Survey No. 33, Hissa No. 87 (having corresponding Old Survey No. 30), having an area admeasuring of H. 00-02 Ares, assessed at Rs. 00 – 05 Paise, together the with the construction of building having built-up area admeasurig of 179 sq. mtrs., situated at Village – Katraj, Taluka – Haveli, District – Pune and within local limits of Pune Municipal Corporation, Pune and which is bounded as under. - | I105: .
...

Sheet TSR Initiation
B1: Author | C1: Application ID | D1: Branch | E1: Initiation Date | F1: Applicant | G1: Co-Applicant | H1: Transaction Type | I1: Property Details | J1: Executive Mobile No | K1: Executive Email | L1: Status | M1: Remark
B2: Narayan | C2: 77000234182 | D2: {=XLOOKUP(C2,'Master Data'!C:C,'Master Data'!D:D)} -> Main | F2: {=XLOOKUP(C2,'Master Data'!C:C,'Master Data'!E:E)} -> Swapan Mandol | G2: {=XLOOKUP(C2,'Master Data'!C:C,'Master Data'!F:F)} -> ABC | H2: {=XLOOKUP(C2,'Master Data'!C:C,'Master Data'!G:G)} -> Resale | I2: {=XLOOKUP(C2,'Master Data'!C:C,'Master Data'!H:H)} -> Pune. Ganesh Peth. CTS No. 48 | J2: {=XLOOKUP(C2,'Master Data'!C:C,'Master Data'!I:I)} -> 99 | K2: {=XLOOKUP(C2,'Master Data'!C:C,'Master Data'!J:J)} | L2: {=XLOOKUP(C:C,TSR_Completion!C:C,TSR_Completion!M:M)} -> Completed and Issued
A3: 576 | B3: Narayan | C3: 77000240220 | D3: {=XLOOKUP(C3,'Master Data'!C:C,'Master Data'!D:D)} -> Kolhapur | E3: 04.04.2026 | F3: {=XLOOKUP(C3,'Master Data'!C:C,'Master Data'!E:E)} -> Subhash Shamrao Patil | G3: {=XLOOKUP(C3,'Master Data'!C:C,'Master Data'!F:F)} -> Suman Subhash Patil | H3: {=XLOOKUP(C3,'Master Data'!C:C,'Master Data'!G:G)} -> Apana Ghar Regular | I3: {=XLOOKUP(C3,'Master Data'!C:C,'Master Data'!H:H)} -> All that piece and parcel of non-agricultural property admeasuring of H. 00-02 Ares, i.e. 200 sq. mtrs., out of Survey No. 15, Hissa No. 3/1, having total area admeasuring of H. 00-32 Ares, assessed at Rs. 04-25 Paise, situated at Village – Kokrud, Taluka – Shirala, District – Sangli | J3: {=XLOOKUP(C3,'Master Data'!C:C,'Master Data'!I:I)} -> 99 | K3: {=XLOOKUP(C3,'Master Data'!C:C,'Master Data'!J:J)} | L3: {=XLOOKUP(C:C,TSR_Completion!C:C,TSR_Completion!M:M)} -> Completed and Issued | M3: Results Downloaded_Pooja
A4: 577 | B4: Narayan | C4: 77000254383 | D4: {=XLOOKUP(C4,'Master Data'!C:C,'Master Data'!D:D)} -> Kolhapur | E4: 06.04.2026 | F4: {=XLOOKUP(C4,'Master Data'!C:C,'Master Data'!E:E)} -> Tajmohammad | G4: {=XLOOKUP(C4,'Master Data'!C:C,'Master Data'!F:F)} -> Khairul Nesha | H4: {=XLOOKUP(C4,'Master Data'!C:C,'Master Data'!G:G)} -> Apana Ghar Regular | I4: {=XLOOKUP(C4,'Master Data'!C:C,'Master Data'!H:H)} -> All that piece and parcel of property admeasuring of Gat No. 298/1A/Plot No./37, having an area admeasuring of 66 sq. mtrs., together with RCC building consisting of Ground Floor having built-up area admeasuring of 52.80 sq. mtrs., and First Floor having built-up area admeasuring of 52.80 sq. mtrs., i.e. total built-up area admeasuring of 105.60 sq. mtrs., situated at Village – Kalambe Tarfe Thane, Taluka – Karveer, District – Kolhapur | J4: {=XLOOKUP(C4,'Master Data'!C:C,'Master Data'!I:I)} -> . | K4: {=XLOOKUP(C4,'Master Data'!C:C,'Master Data'!J:J)} | L4: {=XLOOKUP(C:C,TSR_Completion!C:C,TSR_Completion!M:M)} -> Completed and Issued | M4: Done by Deepali
A5: 578 | B5: Narayan | C5: 77000225313 | D5: {=XLOOKUP(C5,'Master Data'!C:C,'Master Data'!D:D)} -> Kolhapur | E5: 06.04.2026 | F5: {=XLOOKUP(C5,'Master Data'!C:C,'Master Data'!E:E)} -> Tanaji Rau Vithekar | G5: {=XLOOKUP(C5,'Master Data'!C:C,'Master Data'!F:F)} | H5: {=XLOOKUP(C5,'Master Data'!C:C,'Master Data'!G:G)} -> Apana Ghar Regular (HL Self Construction) | I5: {=XLOOKUP(C5,'Master Data'!C:C,'Master Data'!H:H)} -> All that piece and parcel of the non-agricultural property bearing CTS No. 65, admeasuring 174.09 Sq. Mtrs., together with an existing structure constructed of stone, brick and mud, having a built-up area admeasuring 52.12 Sq. Mtrs., situated at Village Akurde, Taluka Panhala, District Kolhapur | J5: {=XLOOKUP(C5,'Master Data'!C:C,'Master Data'!I:I)} | K5: {=XLOOKUP(C5,'Master Data'!C:C,'Master Data'!J:J)} | L5: {=XLOOKUP(C:C,TSR_Completion!C:C,TSR_Completion!M:M)} -> Completed and Issued | M5: Done by Deepali
A6: 580 | B6: Narayan | C6: 77000251375 | D6: {=XLOOKUP(C6,'Master Data'!C:C,'Master Data'!D:D)} -> Kolhapur | E6: 07.04.2026 | F6: {=XLOOKUP(C6,'Master Data'!C:C,'Master Data'!E:E)} -> Jagdish Mohanram Mahariya | G6: {=XLOOKUP(C6,'Master Data'!C:C,'Master Data'!F:F)} -> Dhannaram Mohanram Maharia | H6: {=XLOOKUP(C6,'Master Data'!C:C,'Master Data'!G:G)} -> LAP | I6: {=XLOOKUP(C6,'Master Data'!C:C,'Master Data'!H:H)} -> All that piece and parcel of property admeasuring of H. 00-14 Ares, out of Gat No. 54, having an area admeasuring of H. 00-85 Ares, together with Pot-Kharab area admeasuring of H. 00-09 Ares, assessed at Rs. 01-75 Paise, situated at Village – Vikaswadi, Taluka – Karveer, District – Kolhapur | J6: {=XLOOKUP(C6,'Master Data'!C:C,'Master Data'!I:I)} | K6: {=XLOOKUP(C6,'Master Data'!C:C,'Master Data'!J:J)} | L6: {=XLOOKUP(C:C,TSR_Completion!C:C,TSR_Completion!M:M)} -> Completed and Issued | M6: Results Downloaded_Pooja
A7: 582 | B7: Narayan | C7: 7800236434 | D7: {=XLOOKUP(C7,'Master Data'!C:C,'Master Data'!D:D)} -> Wakad | E7: 07.04.2026 | F7: {=XLOOKUP(C7,'Master Data'!C:C,'Master Data'!E:E)} -> Kanisfatima Imran Shaikh | G7: {=XLOOKUP(C7,'Master Data'!C:C,'Master Data'!F:F)} -> Imran Anwar Shaikh | H7: {=XLOOKUP(C7,'Master Data'!C:C,'Master Data'!G:G)} -> Resale | I7: {=XLOOKUP(C7,'Master Data'!C:C,'Master Data'!H:H)} -> All that piece and parcel of the property being Flat No. 122, admeasuring 693 Sq. Ft. i.e. 64.38 Sq. Mtrs. saleable area, situated on the Sixth Floor, in Wing “A” of the building known as “Waghere Towers”, constructed on the land bearing Survey No. 101/1B, CTS No. 6449 (part), situated at Village Pimpri Waghere, within the limits of Pimpri Chinchwad Municipal Corporation, Taluka Haveli, District Pune, together with all rights, easements and appurtenances thereto. | J7: {=XLOOKUP(C7,'Master Data'!C:C,'Master Data'!I:I)} -> 8888725508 | K7: {=XLOOKUP(C7,'Master Data'!C:C,'Master Data'!J:J)} | L7: {=XLOOKUP(C:C,TSR_Completion!C:C,TSR_Completion!M:M)} -> Completed and Issued | M7: Results Downloaded_Pooja
A8: 583 | B8: Narayan | C8: 77000251172 | D8: {=XLOOKUP(C8,'Master Data'!C:C,'Master Data'!D:D)} -> Vishrantwadi | E8: 15.04.2026 | F8: {=XLOOKUP(C8,'Master Data'!C:C,'Master Data'!E:E)} -> Seema Abhijeet Rithe | G8: {=XLOOKUP(C8,'Master Data'!C:C,'Master Data'!F:F)} -> Nilesh Soundade | H8: {=XLOOKUP(C8,'Master Data'!C:C,'Master Data'!G:G)} -> Resale | I8: {=XLOOKUP(C8,'Master Data'!C:C,'Master Data'!H:H)} -> All that piece and parcel of the property being Flat No. 351, admeasuring 928 Sq. Ft. i.e. 86.25 Sq. Mtrs. carpet area, along with terrace admeasuring 109 Sq. Ft. i.e. 10.13 Sq. Mtrs., situated on the Third Floor, in Building No. “I” (Tropica I Co-operative Housing Society Limited) of the project known as “Tropica”, constructed on land bearing Survey Nos. 56/1A, 57/2, 58/1A and 57/1B, situated at Village Ravet, Taluka Haveli, District Pune, within the limits of Pimpri Chinchwad Municipal Corporation, together with Car Parking No. 727 (below central podium garden), bearing Property No. 1150103129.00 and Electricity Consumer No. 170074482328, along with all rights, easements and appurtenances thereto. | J8: {=XLOOKUP(C8,'Master Data'!C:C,'Master Data'!I:I)} | K8: {=XLOOKUP(C8,'Master Data'!C:C,'Master Data'!J:J)} | L8: {=XLOOKUP(C:C,TSR_Completion!C:C,TSR_Completion!M:M)} -> Completed and Issued | M8: Results Downloaded_Pooja
B9: Narayan | C9: 77000254880 | D9: {=XLOOKUP(C9,'Master Data'!C:C,'Master Data'!D:D)} | F9: {=XLOOKUP(C9,'Master Data'!C:C,'Master Data'!E:E)} -> Anand Masurkar | G9: {=XLOOKUP(C9,'Master Data'!C:C,'Master Data'!F:F)} | H9: {=XLOOKUP(C9,'Master Data'!C:C,'Master Data'!G:G)} -> Builder Purchase | I9: {=XLOOKUP(C9,'Master Data'!C:C,'Master Data'!H:H)} | J9: {=XLOOKUP(C9,'Master Data'!C:C,'Master Data'!I:I)} | K9: {=XLOOKUP(C9,'Master Data'!C:C,'Master Data'!J:J)} | L9: {=XLOOKUP(C:C,TSR_Completion!C:C,TSR_Completion!M:M)} -> #N/A
A10: 584 | B10: Narayan | C10: 77000249626 | D10: {=XLOOKUP(C10,'Master Data'!C:C,'Master Data'!D:D)} -> Kharadi | E10: 08.04.2026 | F10: {=XLOOKUP(C10,'Master Data'!C:C,'Master Data'!E:E)} -> Amit Arvind Kadam | G10: {=XLOOKUP(C10,'Master Data'!C:C,'Master Data'!F:F)} -> Pallavi Amit Kadam | H10: {=XLOOKUP(C10,'Master Data'!C:C,'Master Data'!G:G)} -> Balance Transfer | I10: {=XLOOKUP(C10,'Master Data'!C:C,'Master Data'!H:H)} -> All that piece and parcel of the property being Apartment No. 1304, admeasuring 53.52 Sq. Mtrs. carpet area, along with adjoining open balcony admeasuring 7.68 Sq. Mtrs., situated on the Thirteenth Floor, in Building No. “B” of the project known as “Yashada Supreme”, constructed on land bearing Gat No. 96 admeasuring 2 H 25 R (including Pot Kharaba area 0 H 3 R) and Gat No. 97 admeasuring 0 H 64 R (including Pot Kharaba area 0 H 1 R), aggregating to total land admeasuring 2 H 30 R, situated at Village Dudulgaon, Taluka Haveli, District Pune, within the limits of Pimpri Chinchwad Municipal Corporation, together with all rights, easements and appurtenances thereto. | J10: {=XLOOKUP(C10,'Master Data'!C:C,'Master Data'!I:I)} | K10: {=XLOOKUP(C10,'Master Data'!C:C,'Master Data'!J:J)} | L10: {=XLOOKUP(C:C,TSR_Completion!C:C,TSR_Completion!M:M)} -> Completed and Issued | M10: Results Downloaded_Pooja
A11: 599 | B11: Narayan | C11: 77000255326 | D11: {=XLOOKUP(C11,'Master Data'!C:C,'Master Data'!D:D)} -> Kolhapur | E11: 09.04.2026 | F11: {=XLOOKUP(C11,'Master Data'!C:C,'Master Data'!E:E)} -> Santosh Hirappa Sutar | G11: {=XLOOKUP(C11,'Master Data'!C:C,'Master Data'!F:F)} -> Suraj Hirappa Sutar | H11: {=XLOOKUP(C11,'Master Data'!C:C,'Master Data'!G:G)} -> Non Home Loan LAP | I11: {=XLOOKUP(C11,'Master Data'!C:C,'Master Data'!H:H)} -> All that piece and parcel of properties bearing- a. Plot No. 1, having an area admeasuring of 147.98 sq. mtrs., b. Plot No. 2, having an area admeasuring of 141.47 sq. mtrs., c. Plot No. 3, having an area admeasuring of 150.67 sq. mtrs., d. Plot No. 4, having an area admeasuring of 159.88 sq. mtrs., i.e. total area admeasuring of 600 sq. mtrs., carved out of entire land bearing R.S. No. 237/3/A, having total area admeasuring of H. 00-17.95 Ares, assessed at Rs. 02-10 Paise, situated at Village – Gokul Shirgaon, Taluka – Karveer, District – Kolhapur | J11: {=XLOOKUP(C11,'Master Data'!C:C,'Master Data'!I:I)} | K11: {=XLOOKUP(C11,'Master Data'!C:C,'Master Data'!J:J)} | L11: {=XLOOKUP(C:C,TSR_Completion!C:C,TSR_Completion!M:M)} -> Completed and Issued | M11: Results Downloaded_Pooja
A12: 581 | B12: Narayan | C12: 7792147873 | D12: {=XLOOKUP(C12,'Master Data'!C:C,'Master Data'!D:D)} -> Baner | E12: 09.04.2026 | F12: {=XLOOKUP(C12,'Master Data'!C:C,'Master Data'!E:E)} -> Mahika Sales and Services Private Limited | G12: {=XLOOKUP(C12,'Master Data'!C:C,'Master Data'!F:F)} -> Mr. Mahendrakumar Pandit Patil Mrs. Kavita Mahendrakumar Patil | H12: {=XLOOKUP(C12,'Master Data'!C:C,'Master Data'!G:G)} -> Plot Purchase | I12: {=XLOOKUP(C12,'Master Data'!C:C,'Master Data'!H:H)} -> All that piece and parcel of the plot being Plot No. D–13, admeasuring 86.40 Sq. Mtrs., together with proportionate (pro-rata) built-up area admeasuring 49.784 Sq. Mtrs., aggregating to total area admeasuring 136.184 Sq. Mtrs., having total permissible built-up area admeasuring 144.82 Sq. Mtrs., being part of the sanctioned layout known as “Sai Kuber Jewel”, as per Layout Plan bearing No. BP/Layout/Dudulgaon/37/2024 dated 12.07.2024 sanctioned by Pimpri Chinchwad Municipal Corporation, constructed on the land bearing Survey No. 216/1A, admeasuring 3789 Sq. Mtrs., situated at Village Dudulgaon, within the limits of Pimpri Chinchwad Municipal Corporation, Taluka Haveli, District Pune, together with all rights, easements and appurtenances thereto | J12: {=XLOOKUP(C12,'Master Data'!C:C,'Master Data'!I:I)} -> . | K12: {=XLOOKUP(C12,'Master Data'!C:C,'Master Data'!J:J)} | L12: {=XLOOKUP(C:C,TSR_Completion!C:C,TSR_Completion!M:M)} -> Completed and Issued
A13: 585 | B13: Narayan | C13: 7792145952 | D13: {=XLOOKUP(C13,'Master Data'!C:C,'Master Data'!D:D)} -> Wakad | E13: 09.04.2026 | F13: {=XLOOKUP(C13,'Master Data'!C:C,'Master Data'!E:E)} -> Amar Keshav Khote | G13: {=XLOOKUP(C13,'Master Data'!C:C,'Master Data'!F:F)} -> Shubhangi Amar Khote | H13: Resale | I13: {=XLOOKUP(C13,'Master Data'!C:C,'Master Data'!H:H)} -> All that piece and parcel of the property being Apartment/Flat No. 311, admeasuring 37.77 Sq. Mtrs. carpet area, along with balcony admeasuring 4.59 Sq. Mtrs. and one covered car parking space, situated on the Second Residential Habitable Floor, in Building/Tower “D” of the project known as “Life Republic – Sector R-10 / Avenue-10 (Universe) Phase-4”, constructed on land bearing New Survey No. 86 (Old Survey No. 78/1 Part, 80, 81 Part and others), New Survey No. 74/B (Old Survey No. 74/2, 74/3, 74/9/2 and others) and out of Survey Nos. 124/1/1 (Part), 124/1/2 (Part), 124/2 (Part) and others, situated at Villages Jambe, Nere and Marunji, Taluka Mulshi, District Pune, together with all rights, easements and appurtenances thereto. | J13: {=XLOOKUP(C13,'Master Data'!C:C,'Master Data'!I:I)} -> . | K13: {=XLOOKUP(C13,'Master Data'!C:C,'Master Data'!J:J)} | L13: {=XLOOKUP(C:C,TSR_Completion!C:C,TSR_Completion!M:M)} -> Completed and Issued | M13: Done by Deepali
A14: 587 | B14: Narayan | C14: 77000251513 | D14: {=XLOOKUP(C14,'Master Data'!C:C,'Master Data'!D:D)} -> Chinchwad | E14: 10.04.2026 | F14: {=XLOOKUP(C14,'Master Data'!C:C,'Master Data'!E:E)} -> Mr. Omprakash Sharma | G14: {=XLOOKUP(C14,'Master Data'!C:C,'Master Data'!F:F)} -> Mrs. Kiran Devi, W/o. Omprakash Sharma | H14: {=XLOOKUP(C14,'Master Data'!C:C,'Master Data'!G:G)} -> Builder Purchase | I14: {=XLOOKUP(C14,'Master Data'!C:C,'Master Data'!H:H)} -> All that piece and parcel of the Flat No.301 admeasuring 25.35 Sq. Mtrs. (Carpet Area) along with Enclosed Balcony admeasuring 7.45 Sq. Mtrs. and Open Balcony admeasuring 2.80 Sq. Mtrs. on the Third Floor, in the said project known as "Lotus Residency", constructed on the Private Plot No. 11 and 12 carved out of Survey No. 13/1A/3/2, situated at Village – Mamrudi, Taluka – Haveli, District – Pune and within local limits of Pimpri Chinchwad Municipal Corporation, Pimpri. | J14: {=XLOOKUP(C14,'Master Data'!C:C,'Master Data'!I:I)} -> . | K14: {=XLOOKUP(C14,'Master Data'!C:C,'Master Data'!J:J)} | L14: {=XLOOKUP(C:C,TSR_Completion!C:C,TSR_Completion!M:M)} -> Completed and Issued | M14: Done by Deepali
A15: 574 | B15: Narayan | C15: 77000240495 | D15: {=XLOOKUP(C15,'Master Data'!C:C,'Master Data'!D:D)} -> Hadapsar | E15: 02.04.2026 | F15: Akash Dnyanoba Kale | G15: Swati Akash Kale | H15: {=XLOOKUP(C15,'Master Data'!C:C,'Master Data'!G:G)} -> Plot + Construction | I15: {=XLOOKUP(C15,'Master Data'!C:C,'Master Data'!H:H)} -> All that piece and parcel of property bearing Private Plot No. 40, having an area admeasuring of H. 00-00.98 Ares, i.e. 1058 sq. fees., out of the project known as Sai Balaji Greens carved out of land bearing Survey No. 7, Hissa No. 6/6, admeasuring of H. 00-21 Ares, assessed at Rs. 00-75 Ares, situated at Village – Manjari Budruk, Taluka – Haveli, District – Pune | J15: {=XLOOKUP(C15,'Master Data'!C:C,'Master Data'!I:I)} -> . | K15: {=XLOOKUP(C15,'Master Data'!C:C,'Master Data'!J:J)} | L15: {=XLOOKUP(C:C,TSR_Completion!C:C,TSR_Completion!M:M)} -> Completed and Issued | M15: Results Downloaded_Pooja
A16: =A15+1 -> 575 | B16: Narayan | C16: 77000247265 | D16: {=XLOOKUP(C16,'Master Data'!C:C,'Master Data'!D:D)} -> Kolhapur | E16: 28.03.2026 | F16: {=XLOOKUP(C16,'Master Data'!C:C,'Master Data'!E:E)} -> Mr.Umravati Jakkappa Patil | G16: {=XLOOKUP(C16,'Master Data'!C:C,'Master Data'!F:F)} -> Umesh Jakkappa Patil | H16: {=XLOOKUP(C16,'Master Data'!C:C,'Master Data'!G:G)} -> HL Premium Seller BT | I16: {=XLOOKUP(C16,'Master Data'!C:C,'Master Data'!H:H)} -> All that piece and parcel of non-agricultural property bearing Plot No. 5, having an area admeasuring of 104.80 sq. mtrs., together with construction of RCC building having an area admeasuring of 1150 sq. feets., carved out of Gat No. 282, Hissa No. 26, having an area admeasuring of H. 00-19 Ares, assessed at Rs. 00-22 Paise, situated at Village – Gokul Shirgaon, Taluka – Karveer, District – Kolhapur | J16: {=XLOOKUP(C16,'Master Data'!C:C,'Master Data'!I:I)} -> 99 | K16: {=XLOOKUP(C16,'Master Data'!C:C,'Master Data'!J:J)} | L16: {=XLOOKUP(C:C,TSR_Completion!C:C,TSR_Completion!M:M)} -> Completed and Issued | M16: Results Downloaded_Pooja
A17: 579 | B17: Narayan | C17: 77000256070 | D17: {=XLOOKUP(C17,'Master Data'!C:C,'Master Data'!D:D)} -> Baner | E17: 04.04.2026 | F17: {=XLOOKUP(C17,'Master Data'!C:C,'Master Data'!E:E)} -> Subrata Nitai Patra | G17: {=XLOOKUP(C17,'Master Data'!C:C,'Master Data'!F:F)} -> Nil | H17: {=XLOOKUP(C17,'Master Data'!C:C,'Master Data'!G:G)} -> LAP BT + TOP UP | I17: {=XLOOKUP(C17,'Master Data'!C:C,'Master Data'!H:H)} -> All that piece and parcel of the property being Residential Apartment No. 7, admeasuring 74.34 Sq. Mtrs. built-up area, situated on the Third Floor, in the building known as “Vitthal Rukhmini Apartment”, constructed on the land bearing City Survey No. 477-A, situated at Raviwar Peth (Gaothan), Pune, Taluka Haveli, District Pune, within the local limits of Pune Municipal Corporation, Pune together with 12.86% undivided share in the common areas and facilities and all other rights, easements and appurtenances thereto. | J17: {=XLOOKUP(C17,'Master Data'!C:C,'Master Data'!I:I)} -> . | K17: {=XLOOKUP(C17,'Master Data'!C:C,'Master Data'!J:J)} | L17: {=XLOOKUP(C:C,TSR_Completion!C:C,TSR_Completion!M:M)} -> Completed and Issued | M17: Results Downloaded_Pooja
A18: 586 | B18: Narayan | C18: 77000252808 | D18: {=XLOOKUP(C18,'Master Data'!C:C,'Master Data'!D:D)} -> Baner | E18: 07.04.2026 | F18: {=XLOOKUP(C18,'Master Data'!C:C,'Master Data'!E:E)} -> Prem Wilfred alosias Paul Monis | G18: {=XLOOKUP(C18,'Master Data'!C:C,'Master Data'!F:F)} -> Zitha Pinto | H18: {=XLOOKUP(C18,'Master Data'!C:C,'Master Data'!G:G)} -> HL Resale | I18: {=XLOOKUP(C18,'Master Data'!C:C,'Master Data'!H:H)} -> All that piece and parcel of property bearing Flat No. B-404, having an area admeasuring of 55.28 sq. mtrs., i.e. 595 sq. feets., (Carpet), along with terrace area admeasuring of 4.18 sq. mtrs., i.e. 45 sq. feets., situated on the Fourth Floor, out of the project known as “Nital Residency”, constructed on the entire land property, i.e. Survey No. 35, Hissa No. 1, situated at Village – Narhe, Taluka – Haveli, District – Pune and within local limits of Pune Municipal Corporation, Pune. | J18: {=XLOOKUP(C18,'Master Data'!C:C,'Master Data'!I:I)} -> . | K18: {=XLOOKUP(C18,'Master Data'!C:C,'Master Data'!J:J)} | L18: {=XLOOKUP(C:C,TSR_Completion!C:C,TSR_Completion!M:M)} -> Completed and Issued | M18: Results Downloaded_Pooja
A19: 600 | B19: Narayan | C19: 77000258297 | D19: {=XLOOKUP(C19,'Master Data'!C:C,'Master Data'!D:D)} -> Kolhapur | E19: 13.04.2026 | F19: {=XLOOKUP(C19,'Master Data'!C:C,'Master Data'!E:E)} -> Anand Madhukar Patil | G19: {=XLOOKUP(C19,'Master Data'!C:C,'Master Data'!F:F)} -> Rupali Anand patil | H19: {=XLOOKUP(C19,'Master Data'!C:C,'Master Data'!G:G)} -> Regular HL BT+ TOP-UP | I19: {=XLOOKUP(C19,'Master Data'!C:C,'Master Data'!H:H)} -> All that piece and parcel of the property bearing Plot No. 64A out of Gut No. 546/1/B/64/A (formed under Gunthewari), admeasuring 204.46 Sq. Mtrs. i.e. 2200 Sq. Ft., situated at E Ward, Kasba Bawda, within the limits of Kolhapur Municipal Corporation, together with a structure thereon comprising a tin shed construction admeasuring 45.00 Sq. Mtrs. (built-up), along with all rights, easements and appurtenances attached thereto | J19: {=XLOOKUP(C19,'Master Data'!C:C,'Master Data'!I:I)} | K19: {=XLOOKUP(C19,'Master Data'!C:C,'Master Data'!J:J)} | L19: {=XLOOKUP(C:C,TSR_Completion!C:C,TSR_Completion!M:M)} -> Completed and Issued | M19: Results Downloaded_Pooja
A20: 601 | B20: Narayan | C20: 77000256309 | D20: {=XLOOKUP(C20,'Master Data'!C:C,'Master Data'!D:D)} -> Kolhapur | E20: 13.04.2026 | F20: {=XLOOKUP(C20,'Master Data'!C:C,'Master Data'!E:E)} -> Dipak Sambhaji Kadam | G20: {=XLOOKUP(C20,'Master Data'!C:C,'Master Data'!F:F)} -> Rahul Sambhaji Kadam Bharati Rahul Kadam | H20: {=XLOOKUP(C20,'Master Data'!C:C,'Master Data'!G:G)} -> Regular P+C | I20: {=XLOOKUP(C20,'Master Data'!C:C,'Master Data'!H:H)} -> A ward Karvir Kolhapur S.No.896 | J20: {=XLOOKUP(C20,'Master Data'!C:C,'Master Data'!I:I)} | K20: {=XLOOKUP(C20,'Master Data'!C:C,'Master Data'!J:J)} | L20: {=XLOOKUP(C:C,TSR_Completion!C:C,TSR_Completion!M:M)} -> Completed and Issued | M20: Results Downloaded_Pooja
A21: 603 | B21: Narayan | C21: 77000255771 | D21: {=XLOOKUP(C21,'Master Data'!C:C,'Master Data'!D:D)} -> Kolhapur | E21: 13.04.2026 | F21: {=XLOOKUP(C21,'Master Data'!C:C,'Master Data'!E:E)} -> Satish Mahadev Vetale | G21: {=XLOOKUP(C21,'Master Data'!C:C,'Master Data'!F:F)} -> Radhika Satish Vetale | H21: {=XLOOKUP(C21,'Master Data'!C:C,'Master Data'!G:G)} -> BT + TOP-UP | I21: {=XLOOKUP(C21,'Master Data'!C:C,'Master Data'!H:H)} -> Kasababavda Kolhapur S.No.1476 | J21: {=XLOOKUP(C21,'Master Data'!C:C,'Master Data'!I:I)} | K21: {=XLOOKUP(C21,'Master Data'!C:C,'Master Data'!J:J)} | L21: {=XLOOKUP(C:C,TSR_Completion!C:C,TSR_Completion!M:M)} -> Completed and Issued | M21: Results Downloaded_Pooja
A22: 602 | B22: Narayan | C22: 77000251849 | D22: {=XLOOKUP(C22,'Master Data'!C:C,'Master Data'!D:D)} -> Kolhapur | E22: 13.04.2026 | F22: {=XLOOKUP(C22,'Master Data'!C:C,'Master Data'!E:E)} -> Suhas Appasaheb Gavali | G22: {=XLOOKUP(C22,'Master Data'!C:C,'Master Data'!F:F)} -> Rajshri Suhas Gavali | H22: {=XLOOKUP(C22,'Master Data'!C:C,'Master Data'!G:G)} -> Regular Lap BT+Topup | I22: {=XLOOKUP(C22,'Master Data'!C:C,'Master Data'!H:H)} -> A ward Karvir Kolhapur S.No. 858 | J22: {=XLOOKUP(C22,'Master Data'!C:C,'Master Data'!I:I)} | K22: {=XLOOKUP(C22,'Master Data'!C:C,'Master Data'!J:J)} | L22: {=XLOOKUP(C:C,TSR_Completion!C:C,TSR_Completion!M:M)} -> Completed and Issued | M22: Results Downloaded_Pooja
A23: 588 | B23: Narayan | C23: 7792148754 | D23: {=XLOOKUP(C23,'Master Data'!C:C,'Master Data'!D:D)} -> Chinchwad | E23: 10.04.2026 | F23: {=XLOOKUP(C23,'Master Data'!C:C,'Master Data'!E:E)} -> Vijendrasingh m tak | G23: {=XLOOKUP(C23,'Master Data'!C:C,'Master Data'!F:F)} | H23: {=XLOOKUP(C23,'Master Data'!C:C,'Master Data'!G:G)} -> LAP | I23: {=XLOOKUP(C23,'Master Data'!C:C,'Master Data'!H:H)} -> Lohagaon S.No.71 | J23: {=XLOOKUP(C23,'Master Data'!C:C,'Master Data'!I:I)} | K23: {=XLOOKUP(C23,'Master Data'!C:C,'Master Data'!J:J)} | L23: {=XLOOKUP(C:C,TSR_Completion!C:C,TSR_Completion!M:M)} -> #N/A | M23: Done by Deepali Copy of Gift Deed and 7/12 pending.
A24: 589 | B24: Narayan | C24: 7792151842 | D24: {=XLOOKUP(C24,'Master Data'!C:C,'Master Data'!D:D)} -> Wakad | E24: 13.04.2026 | F24: {=XLOOKUP(C24,'Master Data'!C:C,'Master Data'!E:E)} -> Prabhakar Nagesh Tandale | G24: {=XLOOKUP(C24,'Master Data'!C:C,'Master Data'!F:F)} -> Aruna Prabhakar Tandale | H24: {=XLOOKUP(C24,'Master Data'!C:C,'Master Data'!G:G)} -> Builder Purchase Non APF | I24: {=XLOOKUP(C24,'Master Data'!C:C,'Master Data'!H:H)} -> All that piece and parcel of the Flat No. 403, admeasuring Carpet Area 37.44 Sq. Mtrs. along with Sit-out Area 3.57 Sq. Mtrs., situated on the Fourth Floor, in Building “D” (EWS) of the project known as “Gangadham Towers”, constructed on the land bearing CTS No. 370, Hissa No. 4 (earlier Survey No. 578, Hissa No. 2), situated at Village Bibwewadi (Munjeri), Taluka Pune City, District Pune, within the limits of Pune Municipal Corporation. | J24: {=XLOOKUP(C24,'Master Data'!C:C,'Master Data'!I:I)} | K24: {=XLOOKUP(C24,'Master Data'!C:C,'Master Data'!J:J)} | L24: {=XLOOKUP(C:C,TSR_Completion!C:C,TSR_Completion!M:M)} -> Completed and Issued | M24: Results Downloaded_Pooja
B25: Narayan | C25: 77000250398 | D25: {=XLOOKUP(C25,'Master Data'!C:C,'Master Data'!D:D)} -> Wakad | E25: 10.04.2026 | F25: {=XLOOKUP(C25,'Master Data'!C:C,'Master Data'!E:E)} -> Patansing Patlawat | G25: {=XLOOKUP(C25,'Master Data'!C:C,'Master Data'!F:F)} | H25: {=XLOOKUP(C25,'Master Data'!C:C,'Master Data'!G:G)} -> LAP | I25: {=XLOOKUP(C25,'Master Data'!C:C,'Master Data'!H:H)} -> Nande Pune S.No.35 | J25: {=XLOOKUP(C25,'Master Data'!C:C,'Master Data'!I:I)} | K25: {=XLOOKUP(C25,'Master Data'!C:C,'Master Data'!J:J)} | L25: {=XLOOKUP(C:C,TSR_Completion!C:C,TSR_Completion!M:M)} -> #N/A | M25: Done by Deepali
A26: 595 | B26: Narayan | C26: 77000256348 | D26: {=XLOOKUP(C26,'Master Data'!C:C,'Master Data'!D:D)} -> Main | E26: 15.04.2026 | F26: {=XLOOKUP(C26,'Master Data'!C:C,'Master Data'!E:E)} -> Mayur Shankar Amrale | G26: {=XLOOKUP(C26,'Master Data'!C:C,'Master Data'!F:F)} -> Kunal Shankar Amrale | H26: {=XLOOKUP(C26,'Master Data'!C:C,'Master Data'!G:G)} -> Case self contraction | I26: {=XLOOKUP(C26,'Master Data'!C:C,'Master Data'!H:H)} -> All that piece and parcel of property bearing CTS No. 41, having an area admeasuring of 164.31 sq. mtrs., situated at Village – Ambethan, Taluka – Khed, District – Pune. | J26: {=XLOOKUP(C26,'Master Data'!C:C,'Master Data'!I:I)} -> . | K26: {=XLOOKUP(C26,'Master Data'!C:C,'Master Data'!J:J)} | L26: {=XLOOKUP(C:C,TSR_Completion!C:C,TSR_Completion!M:M)} -> Completed and Issued | M26: Results Downloaded_Pooja
A27: 594 | B27: Narayan | C27: 77000254650 | D27: {=XLOOKUP(C27,'Master Data'!C:C,'Master Data'!D:D)} -> Wakad | E27: 14.04.2026 | F27: {=XLOOKUP(C27,'Master Data'!C:C,'Master Data'!E:E)} -> Bhagwandatta Varma | G27: {=XLOOKUP(C27,'Master Data'!C:C,'Master Data'!F:F)} -> Nirmala Varma | H27: {=XLOOKUP(C27,'Master Data'!C:C,'Master Data'!G:G)} -> Lap | I27: {=XLOOKUP(C27,'Master Data'!C:C,'Master Data'!H:H)} -> All that piece and parcel of the property being Flat No. 13, admeasuring 850 Sq. Ft. i.e. 78.99 Sq. Mtrs., situated on the Second Floor, in Wing “B” of Building “B”, in the building known as “Swapnanagari”, constructed on land bearing Gat Nos. 381, 382, 383, 384, 385, 386, 370, 390 and 484/3, admeasuring total non-agricultural area 44,476.91 Sq. Mtrs., situated at Village Chakan, Taluka Khed, District Pune, together with all rights, easements and appurtenances thereto. | J27: {=XLOOKUP(C27,'Master Data'!C:C,'Master Data'!I:I)} | K27: {=XLOOKUP(C27,'Master Data'!C:C,'Master Data'!J:J)} | L27: {=XLOOKUP(C:C,TSR_Completion!C:C,TSR_Completion!M:M)} -> Completed and Issued | M27: Results Downloaded_Pooja
A28: 639 | B28: Narayan | C28: 77000253700 | D28: {=XLOOKUP(C28,'Master Data'!C:C,'Master Data'!D:D)} -> Kolhapur | E28: 14.04.2026 | F28: {=XLOOKUP(C28,'Master Data'!C:C,'Master Data'!E:E)} -> Pawan Tukaram Bhosale | G28: {=XLOOKUP(C28,'Master Data'!C:C,'Master Data'!F:F)} -> Sharada Tukaram Bhosale | H28: {=XLOOKUP(C28,'Master Data'!C:C,'Master Data'!G:G)} -> Resale Purchase - Apana Ghar Regular | I28: {=XLOOKUP(C28,'Master Data'!C:C,'Master Data'!H:H)} -> All that piece and parcel of Flat No. 201, admeasuring 47.08 Sq. Mtrs. carpet area and 62.45 Sq. Mtrs. super built-up area, situated on the Second Floor of the building known as “Tulip Buds”, constructed on land bearing R.S. No. 529/1, T.P. Scheme No. 3, Final Plot No. 30 (Part), situated at Kasba Karveer, Taluka Karveer, ‘E’ Ward, Kolhapur. | J28: {=XLOOKUP(C28,'Master Data'!C:C,'Master Data'!I:I)} | K28: {=XLOOKUP(C28,'Master Data'!C:C,'Master Data'!J:J)} | L28: {=XLOOKUP(C:C,TSR_Completion!C:C,TSR_Completion!M:M)} -> Completed and Issued | M28: Results Downloaded _Deepali
A29: 596 | B29: Narayan | C29: 77000232406 | D29: {=XLOOKUP(C29,'Master Data'!C:C,'Master Data'!D:D)} -> Baner | E29: 14.04.2026 | F29: {=XLOOKUP(C29,'Master Data'!C:C,'Master Data'!E:E)} -> Saumya Umeshkumar Trivedi | G29: {=XLOOKUP(C29,'Master Data'!C:C,'Master Data'!F:F)} | H29: {=XLOOKUP(C29,'Master Data'!C:C,'Master Data'!G:G)} -> HL Resale | I29: {=XLOOKUP(C29,'Master Data'!C:C,'Master Data'!H:H)} -> All that piece and parcel of the Flat No. 601, admeasuring Carpet Area 41.17 Sq. Mtrs. i.e. 443 Sq. Ft. along with additional saleable terrace area admeasuring 3.25 Sq. Mtrs. i.e. 35 Sq. Ft., situated on the Sixth Floor of Wing “H” in the project known as “Akruti Countrywoods”, constructed on land bearing Survey Nos. 45/1/1, 45/1/4, 45/1/4/1, 45/1/4/6, 45/1/4/8A, 45/2/1, 45/2/2, 45/3/1, 45/3/2, 45/3/3, 45/3/9, 45/3/11, 45/3/14 (part), 45/3/15, 45/3/16, 45/3/17, 45/3/18, 45/4/1, 45/4/2 (part), 45/5/1, 45/5/2, 45/5/4, 45/5/5 and its sub-divisions, 45/5/6, 45/5/7, 45/5/9, 45/5/13, 45/5/15, 45/5/16, 45/6/1 (part), 45/6/2, 45/6/3, 45/6/4 and its sub-divisions, 45/6/5, 45/6/6, 45/7/1, 45/7/2, 45/7/3, 45/7/4, 45/7/5 and its sub-divisions, 45/7/6 (part), 45/7/7, 45/7/8 and its sub-divisions, 45/7/9 and its sub-divisions, 45/3/10, 45/3/12, 45/3/13, 45/3/19, 45/3/20, 45/3/21, 45/3/22 and its sub-divisions, 45/5/3, 45/5/8, 45/5/10, 45/5/11, 45/5/12 and its sub-divisions, 45/5/14, together admeasuring in aggregate about 17 Hectares 29.3386 Ares i.e. 172,933.86 Sq. Mtrs., out of which land admeasuring 54,339.99 Sq. Mtrs. is developed for the said project, situated at Village Kondhwa Budruk, Taluka Haveli, District Pune, within the limits of Pune Municipal Corporation, together with all rights, easements and appurtenances attached thereto. | J29: {=XLOOKUP(C29,'Master Data'!C:C,'Master Data'!I:I)} | K29: {=XLOOKUP(C29,'Master Data'!C:C,'Master Data'!J:J)} | L29: {=XLOOKUP(C:C,TSR_Completion!C:C,TSR_Completion!M:M)} -> Completed and Issued | M29: Done by Deepali
A30: 598 | B30: Narayan | C30: 77000236583 | D30: {=XLOOKUP(C30,'Master Data'!C:C,'Master Data'!D:D)} -> Main | E30: 15.04.2026 | F30: {=XLOOKUP(C30,'Master Data'!C:C,'Master Data'!E:E)} -> waman jadhav | G30: {=XLOOKUP(C30,'Master Data'!C:C,'Master Data'!F:F)} -> mahananda jadhav | H30: {=XLOOKUP(C30,'Master Data'!C:C,'Master Data'!G:G)} -> resale( seller BT) | I30: {=XLOOKUP(C30,'Master Data'!C:C,'Master Data'!H:H)} -> All that piece and parcel of the Flat No. 1, admeasuring 48.60 Sq. Mtrs., together with adjoining terrace admeasuring 46 Sq. Ft. i.e. 4.27 Sq. Mtrs. (built-up), situated on the First Floor of the building known as “Pratibha Apartment”, constructed on land bearing Survey Nos. 23, 24, 55, 57 and 58 corresponding to City Survey No. 23, out of Plot No. 80, situated at Village Karvenagar, Taluka Haveli, District Pune. | J30: {=XLOOKUP(C30,'Master Data'!C:C,'Master Data'!I:I)} | K30: {=XLOOKUP(C30,'Master Data'!C:C,'Master Data'!J:J)} | L30: {=XLOOKUP(C:C,TSR_Completion!C:C,TSR_Completion!M:M)} -> Completed and Issued | M30: Results Downloaded_Pooja
A31: 591 | B31: Narayan | C31: 77000244624 | D31: {=XLOOKUP(C31,'Master Data'!C:C,'Master Data'!D:D)} -> Baner | E31: 10.04.2026 | F31: {=XLOOKUP(C31,'Master Data'!C:C,'Master Data'!E:E)} -> Rekha Ankush Kongale | G31: {=XLOOKUP(C31,'Master Data'!C:C,'Master Data'!F:F)} -> Ankush Vyankat Kongale | H31: Resale Purchase | I31: {=XLOOKUP(C31,'Master Data'!C:C,'Master Data'!H:H)} -> All that piece and parcel of the residential premises being Flat No. 705, situated at Seventh Floor, admeasuring about 427.87 Sq. ft. = 39.76 Sq. mtrs. carpet alongwith balcony admeasuring about 50.26 Sq. ft. = 4.67 Sq. mtrs. thus total admeasuring about 478.13 Sq. ft. = 44.42 Sq. mtrs. in the building of Nakshatra Residency Cooperative Housing Society Ltd. constructed on land Survey No. 43, Hissa No. 7/2A/1/1 and Survey No. 43, Hissa No. 7/2B, situated at Village Katraj, Taluka Haveli, District Pune and within local limits of Pune Municipal Corportion, Pune. | J31: {=XLOOKUP(C31,'Master Data'!C:C,'Master Data'!I:I)} -> . | K31: {=XLOOKUP(C31,'Master Data'!C:C,'Master Data'!J:J)} | L31: {=XLOOKUP(C:C,TSR_Completion!C:C,TSR_Completion!M:M)} -> Completed and Issued | M31: Results Downloaded_Pooja
A32: 606 | B32: Narayan | C32: 77000242496 | D32: {=XLOOKUP(C32,'Master Data'!C:C,'Master Data'!D:D)} -> Kharadi | E32: 16.04.2026 | F32: {=XLOOKUP(C32,'Master Data'!C:C,'Master Data'!E:E)} -> Sambhaji Vasant Choudhary | G32: {=XLOOKUP(C32,'Master Data'!C:C,'Master Data'!F:F)} | H32: {=XLOOKUP(C32,'Master Data'!C:C,'Master Data'!G:G)} -> Plot + Contruction | I32: {=XLOOKUP(C32,'Master Data'!C:C,'Master Data'!H:H)} -> All that piece and parcel of non-agricultural property admeasuring of H. 00-04 Ares, out of Gat No. 991, having an area admeasuring of H. 01-32 Ares, assessed at Rs. 03-06 Paise, situated at Village – Ranjangao Ganpati, Taluka – Shirur, District – Pune | J32: {=XLOOKUP(C32,'Master Data'!C:C,'Master Data'!I:I)} | K32: {=XLOOKUP(C32,'Master Data'!C:C,'Master Data'!J:J)} | L32: {=XLOOKUP(C:C,TSR_Completion!C:C,TSR_Completion!M:M)} -> Completed and Issued | M32: Results Downloaded_Pooja
A33: 607 | B33: Narayan | C33: 364010445963 | D33: {=XLOOKUP(C33,'Master Data'!C:C,'Master Data'!D:D)} -> Kolhapur | E33: 16.04.2026 | F33: {=XLOOKUP(C33,'Master Data'!C:C,'Master Data'!E:E)} -> Virendra Krushnat Patil | G33: {=XLOOKUP(C33,'Master Data'!C:C,'Master Data'!F:F)} -> Nil | H33: {=XLOOKUP(C33,'Master Data'!C:C,'Master Data'!G:G)} -> home loan | I33: {=XLOOKUP(C33,'Master Data'!C:C,'Master Data'!H:H)} -> All that piece and parcel of property admeasuring of 31.66 sq. mtrs., out of non-agricultural property bearing CTS No. 2874, having an area admeasuring of 47.5 sq. mtrs., situated at Village – Kodoli, Taluka – Panhala, District Kolhapur. | J33: {=XLOOKUP(C33,'Master Data'!C:C,'Master Data'!I:I)} -> . | K33: {=XLOOKUP(C33,'Master Data'!C:C,'Master Data'!J:J)} | L33: {=XLOOKUP(C:C,TSR_Completion!C:C,TSR_Completion!M:M)} -> Completed and Issued | M33: Results Downloaded_Pooja
A34: 592 | B34: Narayan | C34: 77000255667 | D34: {=XLOOKUP(C34,'Master Data'!C:C,'Master Data'!D:D)} -> Vishrantwadi | E34: 10.04.2026 | F34: {=XLOOKUP(C34,'Master Data'!C:C,'Master Data'!E:E)} -> Rushi kale | G34: {=XLOOKUP(C34,'Master Data'!C:C,'Master Data'!F:F)} -> Gorakh kale | H34: {=XLOOKUP(C34,'Master Data'!C:C,'Master Data'!G:G)} -> Lap | I34: {=XLOOKUP(C34,'Master Data'!C:C,'Master Data'!H:H)} -> Hadapsar S.No. 231 | J34: {=XLOOKUP(C34,'Master Data'!C:C,'Master Data'!I:I)} -> 7040506640(SIR) | K34: {=XLOOKUP(C34,'Master Data'!C:C,'Master Data'!J:J)} | L34: {=XLOOKUP(C:C,TSR_Completion!C:C,TSR_Completion!M:M)} -> #N/A | M34: Joint/Undivided property
A35: 593 | B35: Narayan | C35: 77000244340 | D35: {=XLOOKUP(C35,'Master Data'!C:C,'Master Data'!D:D)} -> Kolhapur | E35: 10.04.2026 | F35: {=XLOOKUP(C35,'Master Data'!C:C,'Master Data'!E:E)} -> Kedar Narayan Khandagale | G35: {=XLOOKUP(C35,'Master Data'!C:C,'Master Data'!F:F)} -> Surekha Narayan Khandagle | H35: {=XLOOKUP(C35,'Master Data'!C:C,'Master Data'!G:G)} -> Home Loan Resale | I35: {=XLOOKUP(C35,'Master Data'!C:C,'Master Data'!H:H)} -> Kandal Gaon Kolhapur S.No. 106 | J35: {=XLOOKUP(C35,'Master Data'!C:C,'Master Data'!I:I)} | K35: {=XLOOKUP(C35,'Master Data'!C:C,'Master Data'!J:J)} | L35: {=XLOOKUP(C:C,TSR_Completion!C:C,TSR_Completion!M:M)} -> #N/A | M35: Results downloaded
A36: 597 | B36: Narayan | C36: 7792132614 | D36: {=XLOOKUP(C36,'Master Data'!C:C,'Master Data'!D:D)} -> Kharadi | E36: 13.04.2026 | F36: {=XLOOKUP(C36,'Master Data'!C:C,'Master Data'!E:E)} -> Makuniversal Infratech India Private Limited | G36: {=XLOOKUP(C36,'Master Data'!C:C,'Master Data'!F:F)} -> piyush pandit ,nandkumar pandit ,jyoti pandit | H36: {=XLOOKUP(C36,'Master Data'!C:C,'Master Data'!G:G)} -> LAP case | I36: {=XLOOKUP(C36,'Master Data'!C:C,'Master Data'!H:H)} | J36: {=XLOOKUP(C36,'Master Data'!C:C,'Master Data'!I:I)} -> 9112040427 (NLK Mobile) | K36: {=XLOOKUP(C36,'Master Data'!C:C,'Master Data'!J:J)} | L36: {=XLOOKUP(C:C,TSR_Completion!C:C,TSR_Completion!M:M)} -> #N/A
B37: Narayan | C37: 77000251190_1 | D37: {=XLOOKUP(C37,'Master Data'!C:C,'Master Data'!D:D)} -> Baner | E37: 04.04.2026 | F37: {=XLOOKUP(C37,'Master Data'!C:C,'Master Data'!E:E)} -> VRINDA MANISH BUTTAN | G37: {=XLOOKUP(C37,'Master Data'!C:C,'Master Data'!F:F)} | H37: {=XLOOKUP(C37,'Master Data'!C:C,'Master Data'!G:G)} -> BT Top UP | I37: {=XLOOKUP(C37,'Master Data'!C:C,'Master Data'!H:H)} -> All that residential Flat/Apartment No. 701, admeasuring 92.44 Sq. Mtrs. (i.e. approximately 995.01 Sq. Feet), situated on the 7th Floor, in “D” Building of the project known as “Maestros”, constructed on land bearing Survey No. 60/7, situated at Village – Wanawadi (Wanorie), Taluka – Haveli, District – Pune, within the limits of Pune Municipal Corporation, along with the right to use one car parking space, together with all easements, rights and appurtenances thereto. | J37: {=XLOOKUP(C37,'Master Data'!C:C,'Master Data'!I:I)} -> 99 | K37: {=XLOOKUP(C37,'Master Data'!C:C,'Master Data'!J:J)} | L37: {=XLOOKUP(C:C,TSR_Completion!C:C,TSR_Completion!M:M)} -> Completed and Issued
B38: Narayan | C38: 77000251190_2 | D38: {=XLOOKUP(C38,'Master Data'!C:C,'Master Data'!D:D)} -> Baner | E38: 04.04.2026 | F38: {=XLOOKUP(C38,'Master Data'!C:C,'Master Data'!E:E)} -> VRINDA MANISH BUTTAN | G38: {=XLOOKUP(C38,'Master Data'!C:C,'Master Data'!F:F)} | H38: {=XLOOKUP(C38,'Master Data'!C:C,'Master Data'!G:G)} -> BT Top UP | I38: {=XLOOKUP(C38,'Master Data'!C:C,'Master Data'!H:H)} -> All that residential Flat/Apartment No. 701-B, admeasuring 88.72 Sq. Mtrs. (i.e. approximately 955.00 Sq. Feet), situated on the 7th Floor, in “D” Building of the project known as “Maestros”, constructed on land bearing Survey No. 60/7, situated at Village – Wanawadi (Wanorie), Taluka – Haveli, District – Pune, within the limits of Pune Municipal Corporation, together with undivided share of 0.190% in the land, along with all easements, rights and appurtenances thereto. | J38: {=XLOOKUP(C38,'Master Data'!C:C,'Master Data'!I:I)} -> 99 | K38: {=XLOOKUP(C38,'Master Data'!C:C,'Master Data'!J:J)} | L38: {=XLOOKUP(C:C,TSR_Completion!C:C,TSR_Completion!M:M)} -> Completed and Issued
B39: Narayan | C39: 77000251190_3 | D39: {=XLOOKUP(C39,'Master Data'!C:C,'Master Data'!D:D)} -> Baner | E39: 04.04.2026 | F39: {=XLOOKUP(C39,'Master Data'!C:C,'Master Data'!E:E)} -> VRINDA MANISH BUTTAN | G39: {=XLOOKUP(C39,'Master Data'!C:C,'Master Data'!F:F)} | H39: {=XLOOKUP(C39,'Master Data'!C:C,'Master Data'!G:G)} -> BT Top UP | I39: {=XLOOKUP(C39,'Master Data'!C:C,'Master Data'!H:H)} -> All that residential Flat/Apartment No. 801, admeasuring 88.26 Sq. Mtrs. (i.e. approximately 949.91 Sq. Feet), situated on the 8th Floor, in “D” Building of the project known as “Maestros”, constructed on land bearing Survey No. 60/7, situated at Village – Wanawadi (Wanorie), Taluka – Haveli, District – Pune, within the limits of Pune Municipal Corporation, together with adjoining terrace and terrace appurtenant to the said flat admeasuring in aggregate 157.93 Sq. Mtrs., along with undivided share of 0.190% in the land, together with all easements, rights and appurtenances thereto. | J39: {=XLOOKUP(C39,'Master Data'!C:C,'Master Data'!I:I)} -> 99 | K39: {=XLOOKUP(C39,'Master Data'!C:C,'Master Data'!J:J)} | L39: {=XLOOKUP(C:C,TSR_Completion!C:C,TSR_Completion!M:M)} -> Completed and Issued
B40: Narayan | C40: 7792150927 | D40: {=XLOOKUP(C40,'Master Data'!C:C,'Master Data'!D:D)} -> Hadapsar | E40: 04.04.2026 | F40: {=XLOOKUP(C40,'Master Data'!C:C,'Master Data'!E:E)} -> Bharat Motkar | G40: {=XLOOKUP(C40,'Master Data'!C:C,'Master Data'!F:F)} | H40: {=XLOOKUP(C40,'Master Data'!C:C,'Master Data'!G:G)} -> Resale | I40: {=XLOOKUP(C40,'Master Data'!C:C,'Master Data'!H:H)} -> All that piece and parcel of property admeasuring of H. 00-01.39 Ares, i.e. 139.40 sq. mtrs., i.e. 1500 sq. feets., out of land bearing Survey No. 39/2/3, having an area admeasuring of H. 00-83 Ares, assessed at Rs. 05-25 Paise, situated at Village – Manjari Budruk, Taluka – Haveli, District – Pune | J40: {=XLOOKUP(C40,'Master Data'!C:C,'Master Data'!I:I)} -> 99 | K40: {=XLOOKUP(C40,'Master Data'!C:C,'Master Data'!J:J)} | L40: {=XLOOKUP(C:C,TSR_Completion!C:C,TSR_Completion!M:M)} -> Completed and Issued
B41: Narayan | C41: 7792138312 | D41: {=XLOOKUP(C41,'Master Data'!C:C,'Master Data'!D:D)} -> Wakad | E41: 30.03.2026 | F41: {=XLOOKUP(C41,'Master Data'!C:C,'Master Data'!E:E)} -> Shubham Tayade | G41: {=XLOOKUP(C41,'Master Data'!C:C,'Master Data'!F:F)} | H41: {=XLOOKUP(C41,'Master Data'!C:C,'Master Data'!G:G)} -> Resale | I41: {=XLOOKUP(C41,'Master Data'!C:C,'Master Data'!H:H)} -> All that piece and parcel of property bearing H. 00-00.50 Ares, i.e. 500 sq. feets., out of Survey No. 79/13/10, having an area admeasuring of H. 00-01.50 Ares, assessed at Rs. 00-05 Paise, situated at Village – Rahatani, Taluka – Haveli, District – Pune | J41: {=XLOOKUP(C41,'Master Data'!C:C,'Master Data'!I:I)} -> 99 | K41: {=XLOOKUP(C41,'Master Data'!C:C,'Master Data'!J:J)} | L41: {=XLOOKUP(C:C,TSR_Completion!C:C,TSR_Completion!M:M)} -> Completed and Issued
B42: Narayan | C42: 77000249866 | D42: {=XLOOKUP(C42,'Master Data'!C:C,'Master Data'!D:D)} -> Kolhapur | E42: 29.03.2026 | F42: {=XLOOKUP(C42,'Master Data'!C:C,'Master Data'!E:E)} -> Bharat Sanjay Vaidya | G42: Nil | H42: {=XLOOKUP(C42,'Master Data'!C:C,'Master Data'!G:G)} -> Apana Ghar Self Construction | I42: {=XLOOKUP(C42,'Master Data'!C:C,'Master Data'!H:H)} -> All that piece and parcel of non-agricultural property admeasuring 47.46 Sq. Mtrs., together with a residential house constructed in the year 2011, built with brick and mud walls and having a cement sheet roof, admeasuring 330 Sq. Ft., constructed on the land bearing CTS No. 460, situated at Village – Chandur, Taluka – Hatkanangale, District – Kolhapur | J42: {=XLOOKUP(C42,'Master Data'!C:C,'Master Data'!I:I)} -> 99 | K42: {=XLOOKUP(C42,'Master Data'!C:C,'Master Data'!J:J)} | L42: {=XLOOKUP(C:C,TSR_Completion!C:C,TSR_Completion!M:M)} -> Completed and Issued
A43: 573 | B43: Narayan | C43: 77000240410 | D43: {=XLOOKUP(C43,'Master Data'!C:C,'Master Data'!D:D)} -> Hadapsar | E43: 29.03.2026 | F43: {=XLOOKUP(C43,'Master Data'!C:C,'Master Data'!E:E)} -> Abhijeet Auto Components Pvt Ltd | G43: {=XLOOKUP(C43,'Master Data'!C:C,'Master Data'!F:F)} -> 1) Mr. Jitendrakumar Narayan Singh 2) Mr. Arunkumar Narayan Singh 3) Mr. Santoshkumar Narayan Singh | H43: {=XLOOKUP(C43,'Master Data'!C:C,'Master Data'!G:G)} -> BT + TOP-UP | I43: {=XLOOKUP(C43,'Master Data'!C:C,'Master Data'!H:H)} -> All that piece and parcel of property admeasuring of H. 00-05 Ares, out of Survey No. 35, Hissa No. 2/1, having an area admeasuring of H. 01-30.50 Ares, together with Pot-Kharab area admeasuring of H. 00-33 Ares, i.e. total area admeasuring of H. 01-63.50 Ares, assessed at Rs. 02-62 Paise, situated at Village – Uruli Devachi, Taluka – Haveli, District – Pune | J43: {=XLOOKUP(C43,'Master Data'!C:C,'Master Data'!I:I)} -> 99 | K43: {=XLOOKUP(C43,'Master Data'!C:C,'Master Data'!J:J)} | L43: {=XLOOKUP(C:C,TSR_Completion!C:C,TSR_Completion!M:M)} -> Completed and Issued
A44: 590 | B44: Narayan | C44: 77000251175_1 | D44: {=XLOOKUP(C44,'Master Data'!C:C,'Master Data'!D:D)} -> Main | E44: 13.04.2026 | F44: {=XLOOKUP(C44,'Master Data'!C:C,'Master Data'!E:E)} -> Aaiji Developers | G44: {=XLOOKUP(C44,'Master Data'!C:C,'Master Data'!F:F)} -> Jiwaram Magaji Choudhary Suresh Jiwaram Choudhary Hemant Jiwaram Choudhary | H44: {=XLOOKUP(C44,'Master Data'!C:C,'Master Data'!G:G)} -> Lap Commercial | I44: {=XLOOKUP(C44,'Master Data'!C:C,'Master Data'!H:H)} -> All that piece and parcel of property bearing Office No. 401, having carpet area admeasuring of 714.50 sq. mtrs., situated on the Fourth Floor, out of the project known as “Solitaire Business Hub – Baner”, constructed on the entire land bearing Survey No. 3/7B,+ 9 situated at Village Baner, Taluka – Haveli, District – Pune and within local limits of Pune Municipal Corporation, Pune. | J44: {=XLOOKUP(C44,'Master Data'!C:C,'Master Data'!I:I)} | K44: {=XLOOKUP(C44,'Master Data'!C:C,'Master Data'!J:J)} | L44: {=XLOOKUP(C:C,TSR_Completion!C:C,TSR_Completion!M:M)} -> Completed and Issued
A45: 591 | B45: Narayan | C45: 77000251175_2 | D45: {=XLOOKUP(C45,'Master Data'!C:C,'Master Data'!D:D)} -> Main | E45: 13.04.2026 | F45: {=XLOOKUP(C45,'Master Data'!C:C,'Master Data'!E:E)} -> Aaiji Developers | G45: {=XLOOKUP(C45,'Master Data'!C:C,'Master Data'!F:F)} -> Jiwaram Magaji Choudhary Suresh Jiwaram Choudhary Hemant Jiwaram Choudhary | H45: {=XLOOKUP(C45,'Master Data'!C:C,'Master Data'!G:G)} -> Lap Commercial | I45: {=XLOOKUP(C45,'Master Data'!C:C,'Master Data'!H:H)} -> All that piece and parcel of property bearing Office No. 501, having carpet area admeasuring of 714.50 sq. mtrs., situated on the Fifth Floor, out of the project known as “Solitaire Business Hub – Baner”, constructed on the entire land bearing Survey No. 3/7B,+ 9 situated at Village Baner, Taluka – Haveli, District – Pune and within local limits of Pune Municipal Corporation, Pune. | J45: {=XLOOKUP(C45,'Master Data'!C:C,'Master Data'!I:I)} | K45: {=XLOOKUP(C45,'Master Data'!C:C,'Master Data'!J:J)} | L45: {=XLOOKUP(C:C,TSR_Completion!C:C,TSR_Completion!M:M)} -> Completed and Issued
A46: 619 | B46: Narayan | C46: 77000250434 | D46: {=XLOOKUP(C46,'Master Data'!C:C,'Master Data'!D:D)} -> Main | E46: 17.04.2026 | F46: {=XLOOKUP(C46,'Master Data'!C:C,'Master Data'!E:E)} -> Abduljalil Farooque ansari | G46: {=XLOOKUP(C46,'Master Data'!C:C,'Master Data'!F:F)} -> Jaibunnisa Abduljalil Ansari | H46: {=XLOOKUP(C46,'Master Data'!C:C,'Master Data'!G:G)} -> Lap Residential | I46: {=XLOOKUP(C46,'Master Data'!C:C,'Master Data'!H:H)} -> Chikhali S.No.741 | J46: {=XLOOKUP(C46,'Master Data'!C:C,'Master Data'!I:I)} -> Main Group | K46: {=XLOOKUP(C46,'Master Data'!C:C,'Master Data'!J:J)} | L46: {=XLOOKUP(C:C,TSR_Completion!C:C,TSR_Completion!M:M)} -> #N/A | M46: Results Downloaded_Pooja
A47: 630 | B47: Narayan | C47: 77333239804 | D47: {=XLOOKUP(C47,'Master Data'!C:C,'Master Data'!D:D)} -> Main | E47: 17.04.2026 | F47: {=XLOOKUP(C47,'Master Data'!C:C,'Master Data'!E:E)} -> Vitthal Maruti Mane | G47: {=XLOOKUP(C47,'Master Data'!C:C,'Master Data'!F:F)} | H47: {=XLOOKUP(C47,'Master Data'!C:C,'Master Data'!G:G)} -> Balance Transfer | I47: {=XLOOKUP(C47,'Master Data'!C:C,'Master Data'!H:H)} -> All that piece and parcel of property bearing L Room No. 210, having an area admeasuring of 25.95 Sq. Mtrs. (Carpet Area 15.09 Sq. Mtrs. + Terrace Area 10.86 Sq. Mtrs.), situated on the Second Floor, in Building known as “Udyam Bizcasa”, out of the project known as “Udyam Bizcasa”, constructed/to be constructed on the entire land property, i.e. Survey No. 128/2 (Old Survey No. 128), situated at Village – Saswad, Taluka – Purandar, District – Pune and within local limits of Saswad Municipal Council. | J47: {=XLOOKUP(C47,'Master Data'!C:C,'Master Data'!I:I)} -> Document hard copy | K47: {=XLOOKUP(C47,'Master Data'!C:C,'Master Data'!J:J)} | L47: {=XLOOKUP(C:C,TSR_Completion!C:C,TSR_Completion!M:M)} -> Completed and Issued | M47: Results Downloaded_Pooja
A48: 611 | B48: Narayan | C48: 77000261957 | D48: {=XLOOKUP(C48,'Master Data'!C:C,'Master Data'!D:D)} -> Chinchwad | E48: 17.04.2026 | F48: {=XLOOKUP(C48,'Master Data'!C:C,'Master Data'!E:E)} -> MRUNALINI Vishwas Tongale | G48: {=XLOOKUP(C48,'Master Data'!C:C,'Master Data'!F:F)} -> Viraj Vishwas Tongale | H48: {=XLOOKUP(C48,'Master Data'!C:C,'Master Data'!G:G)} -> LAP | I48: {=XLOOKUP(C48,'Master Data'!C:C,'Master Data'!H:H)} -> All that piece and parcel of property bearing Shop (Store) No. 32, having an area admeasuring of 175 sq. feets., i.e. 16.26 sq. mtrs., situated on the Ground Floor, out of the project known as “Khandage Arcade”, constructed on the land bearing CTS No. 1158 to 1184, situated at Village – Talegaon Dabhade (Shahari), Taluka – Mawal, District – Pune. | J48: {=XLOOKUP(C48,'Master Data'!C:C,'Master Data'!I:I)} -> 9307166109 Sir Whats up | K48: {=XLOOKUP(C48,'Master Data'!C:C,'Master Data'!J:J)} | L48: {=XLOOKUP(C:C,TSR_Completion!C:C,TSR_Completion!M:M)} -> Completed and Issued | M48: Results Downloaded_Pooja
A49: 609 | B49: Narayan | C49: 77000253345_1 | D49: {=XLOOKUP(C49,'Master Data'!C:C,'Master Data'!D:D)} -> Main | E49: 17.04.2026 | F49: {=XLOOKUP(C49,'Master Data'!C:C,'Master Data'!E:E)} -> M/s. Wakadkar Brothers | G49: {=XLOOKUP(C49,'Master Data'!C:C,'Master Data'!F:F)} -> Mr. Vishal Yashwant Wakadkar Mr. Yashwant Sopan Wakadkar | H49: {=XLOOKUP(C49,'Master Data'!C:C,'Master Data'!G:G)} -> LAP - RESI | I49: {=XLOOKUP(C49,'Master Data'!C:C,'Master Data'!H:H)} -> All that residential Flat bearing No. 406, situated on the 4th Floor, admeasuring 631 Sq. Ft. saleable built-up area along with terrace, in the project known as “Atelier”, constructed on the land bearing Survey No. 173/1/1B, situated at Village Mouje Wakad, Taluka Mulshi, District Pune, within the limits of Pimpri Chinchwad Municipal Corporation. | J49: {=XLOOKUP(C49,'Master Data'!C:C,'Master Data'!I:I)} -> 9075190961 Sir what up Mail | K49: {=XLOOKUP(C49,'Master Data'!C:C,'Master Data'!J:J)} | L49: {=XLOOKUP(C:C,TSR_Completion!C:C,TSR_Completion!M:M)} -> Completed and Issued | M49: Results Downloaded_Pooja
A50: 629 | B50: Narayan | C50: 77000243087 | D50: {=XLOOKUP(C50,'Master Data'!C:C,'Master Data'!D:D)} -> Wakad | E50: 10.04.2026 | F50: {=XLOOKUP(C50,'Master Data'!C:C,'Master Data'!E:E)} -> Jayashree Sanjay Boddu | G50: {=XLOOKUP(C50,'Master Data'!C:C,'Master Data'!F:F)} -> Sanjay Ramchandra Boddu | H50: {=XLOOKUP(C50,'Master Data'!C:C,'Master Data'!G:G)} -> Resale purchase | I50: {=XLOOKUP(C50,'Master Data'!C:C,'Master Data'!H:H)} -> Ares, i.e. total area admeasuring of H. 00-24 Ares, assessed at Rs. 00-44 Paise, situated at Village | J50: Hard Copy/Negative Report. Informed on email | K50: {=XLOOKUP(C50,'Master Data'!C:C,'Master Data'!J:J)} | L50: {=XLOOKUP(C:C,TSR_Completion!C:C,TSR_Completion!M:M)} -> #N/A | M50: Results Downloaded_Pooja
A51: 620 | B51: Narayan | C51: 77000258312 | D51: {=XLOOKUP(C51,'Master Data'!C:C,'Master Data'!D:D)} -> Chinchwad | E51: 15.04.2026 | F51: {=XLOOKUP(C51,'Master Data'!C:C,'Master Data'!E:E)} -> Tejpal Navalmal Jain | G51: {=XLOOKUP(C51,'Master Data'!C:C,'Master Data'!F:F)} -> Sunita Tejpal Jain | H51: {=XLOOKUP(C51,'Master Data'!C:C,'Master Data'!G:G)} -> LAP | I51: {=XLOOKUP(C51,'Master Data'!C:C,'Master Data'!H:H)} -> All that piece and parcel of Shop No. 7, situated on the Ground Floor, admeasuring 192 Sq. Ft. carpet area (i.e. 17.84 Sq. Mtrs.) along with loft area admeasuring 96 Sq. Ft. (i.e. 8.92 Sq. Mtrs.), aggregating to 240 Sq. Ft. built-up area (i.e. 22.30 Sq. Mtrs.) and equivalent to 324 Sq. Ft. saleable area (i.e. 30.11 Sq. Mtrs.), together with car parking admeasuring 100 Sq. Ft. (i.e. 9.29 Sq. Mtrs.), situated in the building known as “Business Plaza”, constructed on the entire land property, i.e. Final Plot No. 230, Town Planning Scheme III, Ghorpade Peth (Old Ganj Peth), Pune, within the limits of Pune Municipal Corporation and within the jurisdiction of Sub-Registrar Haveli, District Pune. | J51: {=XLOOKUP(C51,'Master Data'!C:C,'Master Data'!I:I)} -> Mail | K51: {=XLOOKUP(C51,'Master Data'!C:C,'Master Data'!J:J)} | L51: {=XLOOKUP(C:C,TSR_Completion!C:C,TSR_Completion!M:M)} -> Completed and Issued | M51: Results Downloaded_Pooja
A52: 608 | B52: Narayan | C52: 7700245883 | D52: {=XLOOKUP(C52,'Master Data'!C:C,'Master Data'!D:D)} -> Kharadi | E52: 17.04.2026 | F52: {=XLOOKUP(C52,'Master Data'!C:C,'Master Data'!E:E)} -> Gaurav Paigude | G52: {=XLOOKUP(C52,'Master Data'!C:C,'Master Data'!F:F)} -> Shobha Paigude | H52: {=XLOOKUP(C52,'Master Data'!C:C,'Master Data'!G:G)} -> BT | I52: {=XLOOKUP(C52,'Master Data'!C:C,'Master Data'!H:H)} -> All that piece and parcel of Flat No. 10, admeasuring of 500 sq. ft. (i.e. 46.46 sq. mtrs.) saleable area, situated on the Second Floor of the building known as “Pari Heights”, constructed on land bearing Survey No. 45, Hissa No. 6, admeasuring in aggregate 00 Hectare 37 Are (including Pot Kharaba), assessed at Rs. 00.31 Paise, situated at Village Mouje Nere, Taluka Haveli, District Pune and within local limits of Pune Municipal Corporation, Pune. | J52: {=XLOOKUP(C52,'Master Data'!C:C,'Master Data'!I:I)} -> Group | K52: {=XLOOKUP(C52,'Master Data'!C:C,'Master Data'!J:J)} | L52: {=XLOOKUP(C:C,TSR_Completion!C:C,TSR_Completion!M:M)} -> Completed and Issued | M52: Results Downloaded_Pooja
A53: 604 | B53: Narayan | C53: 77000247700 | D53: {=XLOOKUP(C53,'Master Data'!C:C,'Master Data'!D:D)} -> Main | E53: 15.04.2026 | F53: {=XLOOKUP(C53,'Master Data'!C:C,'Master Data'!E:E)} -> Anil Dhananjay Akhade (Project - Mauli Park) | G53: {=XLOOKUP(C53,'Master Data'!C:C,'Master Data'!F:F)} | H53: {=XLOOKUP(C53,'Master Data'!C:C,'Master Data'!G:G)} -> APF_1 | I53: {=XLOOKUP(C53,'Master Data'!C:C,'Master Data'!H:H)} -> Pune. Khadakwasala. S. No. 33 | J53: {=XLOOKUP(C53,'Master Data'!C:C,'Master Data'!I:I)} | K53: {=XLOOKUP(C53,'Master Data'!C:C,'Master Data'!J:J)} | L53: {=XLOOKUP(C:C,TSR_Completion!C:C,TSR_Completion!M:M)} -> Completed and Issued | M53: Results Downloaded_Pooja
A54: 605 | B54: Narayan | C54: APF_2 | D54: {=XLOOKUP(C54,'Master Data'!C:C,'Master Data'!D:D)} -> Main | E54: 18.04.2026 | F54: {=XLOOKUP(C54,'Master Data'!C:C,'Master Data'!E:E)} -> Skylark Apartments RVR 7A at Riverview City | G54: {=XLOOKUP(C54,'Master Data'!C:C,'Master Data'!F:F)} | H54: {=XLOOKUP(C54,'Master Data'!C:C,'Master Data'!G:G)} -> APF_2 | I54: {=XLOOKUP(C54,'Master Data'!C:C,'Master Data'!H:H)} -> Pune. Kadmakvasti. S. No. 540 | J54: {=XLOOKUP(C54,'Master Data'!C:C,'Master Data'!I:I)} | K54: {=XLOOKUP(C54,'Master Data'!C:C,'Master Data'!J:J)} | L54: {=XLOOKUP(C:C,TSR_Completion!C:C,TSR_Completion!M:M)} -> Completed and Issued | M54: Results Downloaded_Pooja
A55: 622 | B55: Narayan | C55: 77000258586 | D55: {=XLOOKUP(C55,'Master Data'!C:C,'Master Data'!D:D)} -> wakad | E55: 18.04.2026 | F55: {=XLOOKUP(C55,'Master Data'!C:C,'Master Data'!E:E)} -> Satish Sudam More | G55: {=XLOOKUP(C55,'Master Data'!C:C,'Master Data'!F:F)} -> Anita Satish More | H55: {=XLOOKUP(C55,'Master Data'!C:C,'Master Data'!G:G)} -> Resale Home Loan | I55: Talegaon Dabhade Shahari S.No.26 | J55: {=XLOOKUP(C55,'Master Data'!C:C,'Master Data'!I:I)} | K55: {=XLOOKUP(C55,'Master Data'!C:C,'Master Data'!J:J)} | L55: {=XLOOKUP(C:C,TSR_Completion!C:C,TSR_Completion!M:M)} -> Completed and Issued | M55: Results Downloaded_Pooja
A56: 628 | B56: Narayan | C56: 77000261531 | D56: {=XLOOKUP(C56,'Master Data'!C:C,'Master Data'!D:D)} -> kolhapur | E56: 18.04.2026 | F56: {=XLOOKUP(C56,'Master Data'!C:C,'Master Data'!E:E)} -> Sanket Maruti Kambale | G56: {=XLOOKUP(C56,'Master Data'!C:C,'Master Data'!F:F)} -> Maruti Vilas Kambale | H56: {=XLOOKUP(C56,'Master Data'!C:C,'Master Data'!G:G)} -> builder purchase Apna ghar Dreamz | I56: {=XLOOKUP(C56,'Master Data'!C:C,'Master Data'!H:H)} -> Tamgaon Kolhapure S.No. 1008 | J56: Group | K56: {=XLOOKUP(C56,'Master Data'!C:C,'Master Data'!J:J)} | L56: {=XLOOKUP(C:C,TSR_Completion!C:C,TSR_Completion!M:M)} -> #N/A | M56: Results Downloaded_Pooja
A57: 617 | B57: Narayan | C57: 77000259987 | D57: {=XLOOKUP(C57,'Master Data'!C:C,'Master Data'!D:D)} -> Kharadi | E57: 18.04.2026 | F57: {=XLOOKUP(C57,'Master Data'!C:C,'Master Data'!E:E)} -> Juber Mahmadhusen Shaikh | G57: {=XLOOKUP(C57,'Master Data'!C:C,'Master Data'!F:F)} | H57: {=XLOOKUP(C57,'Master Data'!C:C,'Master Data'!G:G)} -> BT TOP UP | I57: {=XLOOKUP(C57,'Master Data'!C:C,'Master Data'!H:H)} -> Avalwadi (Wagholi) S.No.861 | J57: Group | K57: {=XLOOKUP(C57,'Master Data'!C:C,'Master Data'!J:J)} | L57: {=XLOOKUP(C:C,TSR_Completion!C:C,TSR_Completion!M:M)} -> Completed and Issued | M57: Results Downloaded_Pooja
A58: 618 | B58: Narayan | C58: 77000257036 | D58: {=XLOOKUP(C58,'Master Data'!C:C,'Master Data'!D:D)} -> Kharadi | E58: 18.04.2026 | F58: {=XLOOKUP(C58,'Master Data'!C:C,'Master Data'!E:E)} -> Haresh Pawar | G58: {=XLOOKUP(C58,'Master Data'!C:C,'Master Data'!F:F)} | H58: {=XLOOKUP(C58,'Master Data'!C:C,'Master Data'!G:G)} -> HL Resell Purchase | I58: {=XLOOKUP(C58,'Master Data'!C:C,'Master Data'!H:H)} -> All that piece and parcel of property bearing Flat No. 10, having an area admeasuring of 438.25 sq. feets., i.e. 40.72 sq. mtrs., situated on the Second Floor, out of the project known as “Swami Samarth”, constructed on the entire land property, i.e. Plot No. 19, carved out of Gat No. 285, situated at Village – Karegaon, Taluka – Shirur, District – Pune. | J58: Group | K58: {=XLOOKUP(C58,'Master Data'!C:C,'Master Data'!J:J)} | L58: {=XLOOKUP(C:C,TSR_Completion!C:C,TSR_Completion!M:M)} -> Completed and Issued | M58: Results Downloaded_Pooja
A59: 641 | B59: Narayan | C59: 77000236127 | D59: {=XLOOKUP(C59,'Master Data'!C:C,'Master Data'!D:D)} -> Main | E59: 20.04.2026 | F59: {=XLOOKUP(C59,'Master Data'!C:C,'Master Data'!E:E)} -> Sharanbasppa khyamanna Sangundi | G59: {=XLOOKUP(C59,'Master Data'!C:C,'Master Data'!F:F)} -> Asharani sharanbasppa Sangundi | H59: {=XLOOKUP(C59,'Master Data'!C:C,'Master Data'!G:G)} -> HL BT + Top Up | I59: {=XLOOKUP(C59,'Master Data'!C:C,'Master Data'!H:H)} -> All that piece and parcel of Flat No. 802, situated on the Eighth Floor in “C” Wing of the residential project known as “Dwaraka Square”, constructed on land bearing Survey No. 187/1 (Old Survey No. 587/1) admeasuring 00 Hectare 22 Ares, Survey No. 187/2 (Old Survey No. 587/2) admeasuring 00 Hectare 43 Ares, Survey No. 187/3 (Old Survey No. 587/3) admeasuring 00 Hectare 46 Ares, Survey No. 188/1 (Old Survey No. 586/1) admeasuring 00 Hectare 04 Ares, Survey No. 188/2A (Old Survey No. 586/2) admeasuring 00 Hectare 21 Ares, Survey No. 188/2B (Old Survey No. 586/2B) admeasuring 00 Hectare 16 Ares, Survey No. 188/3 (Old Survey No. 588/3) admeasuring 00 Hectare 24 Ares and Survey No. 188/4 (Old Survey No. 586/4) admeasuring 00 Hectare 18 Ares, situated at Village Chovisawadi, Taluka Haveli, District Pune, within the limits of Pune Municipal Corporation; said flat admeasuring 32.17 Sq. Mtrs. carpet area, along with enclosed balcony area admeasuring 4.52 Sq. Mtrs., cupboard area admeasuring 0.16 Sq. Mtrs., and terrace area admeasuring 8.24 Sq. Mtrs. | J59: {=XLOOKUP(C59,'Master Data'!C:C,'Master Data'!I:I)} -> Choviswadi. S. No. 187 | K59: {=XLOOKUP(C59,'Master Data'!C:C,'Master Data'!J:J)} | L59: {=XLOOKUP(C:C,TSR_Completion!C:C,TSR_Completion!M:M)} -> Completed and Issued | M59: Results Downloaded_Pooja
A60: 621 | B60: Narayan | C60: 77000261134 | D60: {=XLOOKUP(C60,'Master Data'!C:C,'Master Data'!D:D)} -> Baner | E60: 20.04.2026 | F60: {=XLOOKUP(C60,'Master Data'!C:C,'Master Data'!E:E)} -> Akshay Sartape | G60: {=XLOOKUP(C60,'Master Data'!C:C,'Master Data'!F:F)} -> Laxman Sartape | H60: {=XLOOKUP(C60,'Master Data'!C:C,'Master Data'!G:G)} -> LAP | I60: {=XLOOKUP(C60,'Master Data'!C:C,'Master Data'!H:H)} -> Kharadi S.No.41 | J60: Group | K60: {=XLOOKUP(C60,'Master Data'!C:C,'Master Data'!J:J)} | L60: {=XLOOKUP(C:C,TSR_Completion!C:C,TSR_Completion!M:M)} -> #N/A | M60: Results Downloaded_Pooja
A61: 642 | B61: Narayan | C61: 77000257714 | D61: {=XLOOKUP(C61,'Master Data'!C:C,'Master Data'!D:D)} -> kolhapur | E61: 20.04.2026 | F61: {=XLOOKUP(C61,'Master Data'!C:C,'Master Data'!E:E)} -> Pradip Appasaheb Sawant | G61: {=XLOOKUP(C61,'Master Data'!C:C,'Master Data'!F:F)} -> Jyoti Pradip Sawant | H61: {=XLOOKUP(C61,'Master Data'!C:C,'Master Data'!G:G)} -> builder purchase Apna ghar Dreamz | I61: {=XLOOKUP(C61,'Master Data'!C:C,'Master Data'!H:H)} -> All that piece and parcel of property bearing Row House Unit No. 2, having ½ land area out of the entire land property i.e. 56.25 sq. mtrs., along with the construction of RCC building constructed thereon consisting of two floor having total built-up area admeasuring of 86.90 sq. mtrs., (as per assessment 92.09 sq. mtrs.,), having corresponding Grampanchayat Milkat No. 7748/1, constructed on the entire land property, i.e. Plot No. 20, admeasuring about 112.50 Sq. Mtrs., being part of Gat No. 344/3, situated at Village Uchgaon, Taluka Karveer, District Kolhapur. | J61: Group | K61: {=XLOOKUP(C61,'Master Data'!C:C,'Master Data'!J:J)} | L61: {=XLOOKUP(C:C,TSR_Completion!C:C,TSR_Completion!M:M)} -> Completed and Issued | M61: Results Downloaded_Pooja
A62: 616 | B62: Narayan | C62: 77000258379 | D62: {=XLOOKUP(C62,'Master Data'!C:C,'Master Data'!D:D)} -> Baner | E62: 18.04.2026 | F62: {=XLOOKUP(C62,'Master Data'!C:C,'Master Data'!E:E)} -> Mohammad Shoeb | G62: {=XLOOKUP(C62,'Master Data'!C:C,'Master Data'!F:F)} | H62: {=XLOOKUP(C62,'Master Data'!C:C,'Master Data'!G:G)} -> self contraction | I62: {=XLOOKUP(C62,'Master Data'!C:C,'Master Data'!H:H)} -> All that piece and parcel of property admeasuring of H. 00-01.39 Ares, i.e. 1500 sq. feets., out of Survey No. 7, Hissa No. 1, having total area admeasuring of H. 04-67 Ares, together with Pot-Kharab area admeasuring of H. 00-09 Ares, i.e. total area admeasuring of H. 04-76 Ares, assessed at Rs. 02-44 Paise, situated at Village – Marunji, Taluka – Mulshi, District – Pune | J62: {=XLOOKUP(C62,'Master Data'!C:C,'Master Data'!I:I)} -> Document in group | K62: {=XLOOKUP(C62,'Master Data'!C:C,'Master Data'!J:J)} -> CTC +VET | L62: {=XLOOKUP(C:C,TSR_Completion!C:C,TSR_Completion!M:M)} -> Completed and Issued | M62: Results Downloaded_Pooja
A63: 610 | B63: Narayan | C63: 77000222267 | D63: {=XLOOKUP(C63,'Master Data'!C:C,'Master Data'!D:D)} -> Vishrantwadi | E63: 15.04.2026 | F63: {=XLOOKUP(C63,'Master Data'!C:C,'Master Data'!E:E)} -> Aditya Vijay Wadekar | G63: {=XLOOKUP(C63,'Master Data'!C:C,'Master Data'!F:F)} -> Vijay Sitaram Wadekar | H63: {=XLOOKUP(C63,'Master Data'!C:C,'Master Data'!G:G)} -> Resale | I63: {=XLOOKUP(C63,'Master Data'!C:C,'Master Data'!H:H)} -> All that piece and parcel of property bearing Flat No. A-11, having an area admeasuring of 875 sq. feets., i.e. 81.31 sq. mtrs., situated on the Third Floor, out of the project known as “Rajlaxmi Glory”, constructed on the entire land property, i.e. Plot No. 2, carved out of Gat No. 490/1, (Old Gat No. 1842), situated at Village – Medankarwadi, Taluka – Khed, District – Pune. | J63: {=XLOOKUP(C63,'Master Data'!C:C,'Master Data'!I:I)} -> 8600751454 Sir whats up | K63: {=XLOOKUP(C63,'Master Data'!C:C,'Master Data'!J:J)} | L63: {=XLOOKUP(C:C,TSR_Completion!C:C,TSR_Completion!M:M)} -> Completed and Issued | M63: Results Downloaded_Pooja
A64: 614 | B64: Narayan | C64: 7792151834 | D64: {=XLOOKUP(C64,'Master Data'!C:C,'Master Data'!D:D)} -> wakad | E64: 20.04.2026 | F64: {=XLOOKUP(C64,'Master Data'!C:C,'Master Data'!E:E)} -> Sakib Biradar | G64: {=XLOOKUP(C64,'Master Data'!C:C,'Master Data'!F:F)} -> Shirin Biradar | H64: {=XLOOKUP(C64,'Master Data'!C:C,'Master Data'!G:G)} -> Resale | I64: {=XLOOKUP(C64,'Master Data'!C:C,'Master Data'!H:H)} -> Bhosari S.No. 484 | J64: {=XLOOKUP(C64,'Master Data'!C:C,'Master Data'!I:I)} -> Document in group | K64: {=XLOOKUP(C64,'Master Data'!C:C,'Master Data'!J:J)} | L64: {=XLOOKUP(C:C,TSR_Completion!C:C,TSR_Completion!M:M)} -> Completed and Issued | M64: Results Downloaded_Pooja
A65: 612 | B65: Narayan | C65: 77000240185 | D65: {=XLOOKUP(C65,'Master Data'!C:C,'Master Data'!D:D)} -> Main | E65: 19.04.2026 | F65: {=XLOOKUP(C65,'Master Data'!C:C,'Master Data'!E:E)} -> Dnyaneshwar Balasaheb Kale | G65: {=XLOOKUP(C65,'Master Data'!C:C,'Master Data'!F:F)} | H65: {=XLOOKUP(C65,'Master Data'!C:C,'Master Data'!G:G)} -> Seller BT | I65: {=XLOOKUP(C65,'Master Data'!C:C,'Master Data'!H:H)} -> All that piece and parcel of Flat No. 304, Wing C, on the 3rd Floor, admeasuring 35.64 sq. mtrs. carpet area, along with enclosed balcony admeasuring 4.5 sq. mtrs., cupboard area admeasuring 0.44 sq. mtrs., dry balcony admeasuring 3 sq. mtrs., open terrace admeasuring 4.6 sq. mtrs., and one covered car parking space, in the project known as "Dynamic Grandeur – Phase 2 Essensia" (as per Index II) and forming part of the concerned Co-operative Housing Society, constructed on the land bearing: Survey No. 53 Hissa No. 4/2 admeasuring 0 Hectare 65 Ares, and Survey No. 54 (Part) admeasuring total 9 Hectares 32 Ares out of which 1 Hectare 60 Ares, and Survey No. 53/1 admeasuring 88 Ares, Survey No. 53/2 admeasuring 88 Ares, and Survey No. 53/3 admeasuring 82 Ares, out of the total land admeasuring 15,968.67 sq. mtrs., situated at Village Undri, Pune, within the limits of Pune Municipal Corporation and the jurisdiction of the Sub-Registrar, Haveli, Pune. | J65: {=XLOOKUP(C65,'Master Data'!C:C,'Master Data'!I:I)} -> . | K65: {=XLOOKUP(C65,'Master Data'!C:C,'Master Data'!J:J)} -> . | L65: {=XLOOKUP(C:C,TSR_Completion!C:C,TSR_Completion!M:M)} -> Completed and Issued | M65: Results Downloaded_Deepali
A66: 613 | B66: Narayan | C66: 77000240739_1 | D66: {=XLOOKUP(C66,'Master Data'!C:C,'Master Data'!D:D)} -> Vishrantwadi | E66: 20.04.2026 | F66: {=XLOOKUP(C66,'Master Data'!C:C,'Master Data'!E:E)} -> Vishal Appasaheb Moholkar | G66: {=XLOOKUP(C66,'Master Data'!C:C,'Master Data'!F:F)} -> Vaibhav Appasaheb Moholkar | H66: {=XLOOKUP(C66,'Master Data'!C:C,'Master Data'!G:G)} -> BT | I66: {=XLOOKUP(C66,'Master Data'!C:C,'Master Data'!H:H)} -> All that piece and parcel of Shop No. 1, admeasuring 26.01 Sq. Mtrs. (i.e. 280 Sq. Ft.), together with 1.20% undivided share in the land, situated on the Ground Floor in the building known as “Sneha Complex Condominium”, constructed on Final Plot No. 359/B/1 of Town Planning Scheme No. 1, bearing CTS No. 1032/B/1, situated at Village Shivajinagar (Bhamburda), Taluka – Haveli, District – Pune and within local limits of Pune Municipal Corporation, Pune. | J66: {=XLOOKUP(C66,'Master Data'!C:C,'Master Data'!I:I)} | K66: {=XLOOKUP(C66,'Master Data'!C:C,'Master Data'!J:J)} | L66: {=XLOOKUP(C:C,TSR_Completion!C:C,TSR_Completion!M:M)} -> Completed and Issued | M66: Results Downloaded_Pooja
A67: 615 | B67: Narayan | C67: APF_3 | D67: {=XLOOKUP(C67,'Master Data'!C:C,'Master Data'!D:D)} -> Main | E67: 16.04.2026 | F67: {=XLOOKUP(C67,'Master Data'!C:C,'Master Data'!E:E)} -> RIVERAIN CLASSIC | G67: {=XLOOKUP(C67,'Master Data'!C:C,'Master Data'!F:F)} | H67: {=XLOOKUP(C67,'Master Data'!C:C,'Master Data'!G:G)} | I67: {=XLOOKUP(C67,'Master Data'!C:C,'Master Data'!H:H)} -> All that piece and parcel of land admeasuring about 3254 sq. mtrs. out of final plot bearing No. 103, having S. No. 450/2A/1/1 and 450/2A/2, situated at village Ghorpadi, Sangamwadi, Taluka Haveli and District Pune, which is within the local limits of Pune Municipal Corporation and within the jurisdiction of Sub Registrar Haveli, Pune | J67: {=XLOOKUP(C67,'Master Data'!C:C,'Master Data'!I:I)} -> . | K67: {=XLOOKUP(C67,'Master Data'!C:C,'Master Data'!J:J)} -> . | L67: {=XLOOKUP(C:C,TSR_Completion!C:C,TSR_Completion!M:M)} -> Completed and Issued | M67: Results Downloaded_Deepali
A68: 624 | B68: Narayan | C68: 77000245380 | D68: {=XLOOKUP(C68,'Master Data'!C:C,'Master Data'!D:D)} -> Wakad | E68: 20.04.2026 | F68: {=XLOOKUP(C68,'Master Data'!C:C,'Master Data'!E:E)} -> Bhushan Sonawane | H68: {=XLOOKUP(C68,'Master Data'!C:C,'Master Data'!G:G)} -> Resale | I68: {=XLOOKUP(C68,'Master Data'!C:C,'Master Data'!H:H)} -> All that piece and parcel of Flat No. 403 on the Fourth Floor, admeasuring 610 Sq. Ft. built-up area (i.e. 56.69 Sq. Mtrs.), along with terrace, in the building known as “Laxmi Villa”, constructed on land bearing C.T.S. No. 531 and C.T.S. No. 532, total admeasuring 536.5 Sq. Mtrs., situated at Village Punawale (Gaothan), Taluka Mulshi, District Pune, within the local limits of Pimpri Chinchwad Municipal Corporation and within the jurisdiction of Sub-Registrar Haveli, along with all common amenities and facilities. | J68: {=XLOOKUP(C68,'Master Data'!C:C,'Master Data'!I:I)} | K68: {=XLOOKUP(C68,'Master Data'!C:C,'Master Data'!J:J)} -> CTC +VET | L68: {=XLOOKUP(C:C,TSR_Completion!C:C,TSR_Completion!M:M)} -> Completed and Issued | M68: Results Downloaded_Pooja
A69: 644 | B69: Narayan | C69: 77000256826 | D69: Chinchwad | E69: 23.04.2026 | F69: {=XLOOKUP(C69,'Master Data'!C:C,'Master Data'!E:E)} -> Ganesh Bhagwan Dhurkar | G69: {=XLOOKUP(C69,'Master Data'!C:C,'Master Data'!F:F)} -> Sushma Ganesh Durkar | H69: {=XLOOKUP(C69,'Master Data'!C:C,'Master Data'!G:G)} -> Builder Purchase | I69: {=XLOOKUP(C69,'Master Data'!C:C,'Master Data'!H:H)} -> All that piece and parcel of property bearing Flat No. 701, having an area admeasuring 69.88 sq. mtrs. carpet area along with balcony area admeasuring 8.31 sq. mtrs., situated on the 7th Floor, in Building/Wing No. B, out of the project known as “Basil Mount Lords Wing B & C”, constructed/to be constructed on the entire land property, i.e. Survey No. 8, Hissa Nos. 6A/7/8/2, 6A/7/8/3, 6A/7/8/9 and 6A/7/8/10, situated at Village – Dhankawadi, Taluka - Haveli, District - Pune and within local limits of Pune Municipal Corporation. | J69: {=XLOOKUP(C69,'Master Data'!C:C,'Master Data'!I:I)} -> 9689929534 NK | K69: {=XLOOKUP(C69,'Master Data'!C:C,'Master Data'!J:J)} | L69: {=XLOOKUP(C:C,TSR_Completion!C:C,TSR_Completion!M:M)} -> Completed and Issued | M69: Results Downloaded_Pooja
A70: 631 | B70: Narayan | C70: 7792149820 | D70: {=XLOOKUP(C70,'Master Data'!C:C,'Master Data'!D:D)} -> Chinchwad | E70: 21.04.2026 | F70: {=XLOOKUP(C70,'Master Data'!C:C,'Master Data'!E:E)} -> PANKAJ RAMESH JADHAO | G70: {=XLOOKUP(C70,'Master Data'!C:C,'Master Data'!F:F)} -> DNYANESHWARI PRADIPRAO MAHALLE | H70: {=XLOOKUP(C70,'Master Data'!C:C,'Master Data'!G:G)} -> Builder Purchase | I70: {=XLOOKUP(C70,'Master Data'!C:C,'Master Data'!H:H)} -> All that piece and parcel of property bearing Flat No. 305, having an area admeasuring 71.44 Sq. Mtrs. (Carpet Area) along with Open Balcony Area 3.62 Sq. Mtrs. and Utility Area 1.91 Sq. Mtrs., situated on the Third Floor, in Tower No. 7, out of the project known as “Gera’s Isle of Joy – Project C”, constructed/to be constructed on the entire land property, i.e. Gat Nos. 1255/73, 1255/65, 1255/66, 1255/69, 1255/70, 1255/71, 1255/72 (Part) and 1267 (Part), situated at Village – Wagholi, Taluka – Haveli, District – Pune and within local limits of Pune Municipal Corporation. | J70: {=XLOOKUP(C70,'Master Data'!C:C,'Master Data'!I:I)} -> Sir Mail | K70: {=XLOOKUP(C70,'Master Data'!C:C,'Master Data'!J:J)} | L70: {=XLOOKUP(C:C,TSR_Completion!C:C,TSR_Completion!M:M)} -> Completed and Issued | M70: Results Downloaded_Pooja
A71: 643 | B71: Narayan | C71: 77000256336 | D71: {=XLOOKUP(C71,'Master Data'!C:C,'Master Data'!D:D)} -> Kolhapure | E71: 20.04.2026 | F71: {=XLOOKUP(C71,'Master Data'!C:C,'Master Data'!E:E)} -> Abhijeet Ananda Mane Patil | G71: {=XLOOKUP(C71,'Master Data'!C:C,'Master Data'!F:F)} -> Supriya Abhijeet Mane Patil | H71: {=XLOOKUP(C71,'Master Data'!C:C,'Master Data'!G:G)} -> Apana Ghar Regular P + C | I71: {=XLOOKUP(C71,'Master Data'!C:C,'Master Data'!H:H)} -> All that piece and parcel of open non-agricultural plot bearing Plot No. 66, admeasuring 138.13 Sq. Mtrs., carved out of land bearing Gat No. 70/A admeasuring 0 H 76 R and Gat No. 70/B admeasuring 3 H 22.60 R (Pot Kharab 0 H 02 R), situated at Village Bahirewadi, Taluka Panhala, District Kolhapur, within the jurisdiction of Sub-Registrar Panhala. The said plot is forming part of a layout known as “Savi Park”, developed on the aforesaid land. | J71: {=XLOOKUP(C71,'Master Data'!C:C,'Master Data'!I:I)} -> Group | K71: {=XLOOKUP(C71,'Master Data'!C:C,'Master Data'!J:J)} | L71: {=XLOOKUP(C:C,TSR_Completion!C:C,TSR_Completion!M:M)} -> Completed and Issued | M71: Results Downloaded_Pooja
A72: 637 | B72: Narayan | C72: 77000249613 | D72: {=XLOOKUP(C72,'Master Data'!C:C,'Master Data'!D:D)} -> Kharadi | E72: 20.04.2026 | F72: {=XLOOKUP(C72,'Master Data'!C:C,'Master Data'!E:E)} -> Rambabu mishra | G72: {=XLOOKUP(C72,'Master Data'!C:C,'Master Data'!F:F)} | H72: {=XLOOKUP(C72,'Master Data'!C:C,'Master Data'!G:G)} -> BT | I72: {=XLOOKUP(C72,'Master Data'!C:C,'Master Data'!H:H)} -> Manjari Budrukh S.No.130 | J72: {=XLOOKUP(C72,'Master Data'!C:C,'Master Data'!I:I)} | K72: {=XLOOKUP(C72,'Master Data'!C:C,'Master Data'!J:J)} | L72: {=XLOOKUP(C:C,TSR_Completion!C:C,TSR_Completion!M:M)} -> Completed and Issued | M72: Results Downloaded_Pooja
A73: 633 | B73: Narayan | C73: 77000257998 | D73: {=XLOOKUP(C73,'Master Data'!C:C,'Master Data'!D:D)} -> Chinchwad | E73: 20.04.2026 | F73: {=XLOOKUP(C73,'Master Data'!C:C,'Master Data'!E:E)} -> SANDEEP UTTAM UNDALKAR | G73: {=XLOOKUP(C73,'Master Data'!C:C,'Master Data'!F:F)} -> ROHINI SANDEEP UNDALKAR | H73: {=XLOOKUP(C73,'Master Data'!C:C,'Master Data'!G:G)} -> Builder Purchase | I73: {=XLOOKUP(C73,'Master Data'!C:C,'Master Data'!H:H)} -> Moshi S.No.272/ Borhadewadi S. No. 272 | J73: {=XLOOKUP(C73,'Master Data'!C:C,'Master Data'!I:I)} | K73: {=XLOOKUP(C73,'Master Data'!C:C,'Master Data'!J:J)} | L73: {=XLOOKUP(C:C,TSR_Completion!C:C,TSR_Completion!M:M)} -> Completed and Issued | M73: Results Downloaded_Pooja
A74: 623 | B74: Narayan | C74: 77000250405 | D74: {=XLOOKUP(C74,'Master Data'!C:C,'Master Data'!D:D)} -> Vishrantwadi | E74: 21.04.2026 | F74: {=XLOOKUP(C74,'Master Data'!C:C,'Master Data'!E:E)} -> Krishna Manik Patil | G74: {=XLOOKUP(C74,'Master Data'!C:C,'Master Data'!F:F)} -> Karuna Krishna Patil | H74: {=XLOOKUP(C74,'Master Data'!C:C,'Master Data'!G:G)} -> LAP | I74: {=XLOOKUP(C74,'Master Data'!C:C,'Master Data'!H:H)} -> All that piece and parcel of property bearing Private Plot No. 26, admeasuring of H. 00-00.92.93 Ares, i.e. 1000 sq. feets., out of the Survey No.84, Hissa No. 5, having total area admeasuring of H. 05-84.75 Ares, assessed at Rs. 05-85 Paise, situated at Village – Lohgaon, Taluka – Haveli, District – Pune | J74: {=XLOOKUP(C74,'Master Data'!C:C,'Master Data'!I:I)} -> Document in group | K74: {=XLOOKUP(C74,'Master Data'!C:C,'Master Data'!J:J)} | L74: {=XLOOKUP(C:C,TSR_Completion!C:C,TSR_Completion!M:M)} -> Completed and Issued | M74: Results Downloaded_Pooja
A75: 650 | B75: Narayan | C75: 77000250463 | D75: {=XLOOKUP(C75,'Master Data'!C:C,'Master Data'!D:D)} -> Main | E75: 21.04.2026 | F75: Vishal Kalekar | G75: {=XLOOKUP(C75,'Master Data'!C:C,'Master Data'!F:F)} | H75: {=XLOOKUP(C75,'Master Data'!C:C,'Master Data'!G:G)} -> LAP | I75: {=XLOOKUP(C75,'Master Data'!C:C,'Master Data'!H:H)} -> Talegaon Dabhade Gramin S.No.386 | J75: {=XLOOKUP(C75,'Master Data'!C:C,'Master Data'!I:I)} -> 9960009255 NK | K75: {=XLOOKUP(C75,'Master Data'!C:C,'Master Data'!J:J)} | L75: {=XLOOKUP(C:C,TSR_Completion!C:C,TSR_Completion!M:M)} -> #N/A | M75: Results Downloaded_Pooja
A76: 638 | B76: Narayan | C76: 77000257119 | D76: {=XLOOKUP(C76,'Master Data'!C:C,'Master Data'!D:D)} -> Kharadi | E76: 21.04.2026 | F76: {=XLOOKUP(C76,'Master Data'!C:C,'Master Data'!E:E)} -> RAJU KATRAVATH | G76: {=XLOOKUP(C76,'Master Data'!C:C,'Master Data'!F:F)} -> LAXMI BAI RAJU KATHRAVATH | H76: {=XLOOKUP(C76,'Master Data'!C:C,'Master Data'!G:G)} -> HLBT | I76: {=XLOOKUP(C76,'Master Data'!C:C,'Master Data'!H:H)} -> All that piece and parcel of property bearing Flat No. A-26, admeasuring 35.95 Sq. Mtrs. (Carpet Area) i.e. 386.82 Sq. Ft., along with attached terrace admeasuring 3.85 Sq. Mtrs. (41.42 Sq. Ft.) and dry balcony admeasuring 1.80 Sq. Mtrs. (19.36 Sq. Ft.), aggregating to a total area of 41.60 Sq. Mtrs. (447.61 Sq. Ft.), situated on the Third Floor, in Wing ‘A’, in the project known as “AMBAR VILAS”, constructed on the land bearing Gat No. 1713A, admeasuring 00 Hectare 14.5 Ares, situated at Village – Loni Kalbhor, Taluka – Haveli, District – Pune, within the local limits of the concerned authority, together with one car parking space. | J76: {=XLOOKUP(C76,'Master Data'!C:C,'Master Data'!I:I)} -> Document in group | K76: {=XLOOKUP(C76,'Master Data'!C:C,'Master Data'!J:J)} | L76: {=XLOOKUP(C:C,TSR_Completion!C:C,TSR_Completion!M:M)} -> Completed and Issued | M76: Results Downloaded_Pooja
A77: 651 | B77: Narayan | C77: 7792147183 | D77: {=XLOOKUP(C77,'Master Data'!C:C,'Master Data'!D:D)} -> Vishrantwadi | E77: 21.04.2026 | F77: {=XLOOKUP(C77,'Master Data'!C:C,'Master Data'!E:E)} -> Jay Ramesh Kithani | G77: {=XLOOKUP(C77,'Master Data'!C:C,'Master Data'!F:F)} -> Pankaj Satish Kithani | H77: {=XLOOKUP(C77,'Master Data'!C:C,'Master Data'!G:G)} -> Resale | I77: {=XLOOKUP(C77,'Master Data'!C:C,'Master Data'!H:H)} -> All that Piece and Parcel of property bearing Flat No.202, on 2nd Floor in B Wing area admeasuring 63.31 sq. mtrs. Carpet and Attach Terrace Area adm. 3.28 sq. along with one Covered Car Parking No.10 having Property bearing No. O/I/79/12856031 in the society known as “AIRIANA CO-OPERATIVE HOUSING SOCIETY LIMITED” constructed on S. No. 296, Hissa No. 2 situated at village Lohegaon Taluka - Haveli, Dist. - Pune within the local limits of Pune Municipal Corporation, Pune. | J77: {=XLOOKUP(C77,'Master Data'!C:C,'Master Data'!I:I)} -> 8767085640 NLK | K77: {=XLOOKUP(C77,'Master Data'!C:C,'Master Data'!J:J)} | L77: {=XLOOKUP(C:C,TSR_Completion!C:C,TSR_Completion!M:M)} -> Completed and Issued | M77: Results Downloaded_Pooja
A78: 652 | B78: Narayan | C78: 77000245372 | D78: {=XLOOKUP(C78,'Master Data'!C:C,'Master Data'!D:D)} -> Main | E78: 21.04.2026 | F78: {=XLOOKUP(C78,'Master Data'!C:C,'Master Data'!E:E)} -> Abbas Sahebji Pathan | G78: {=XLOOKUP(C78,'Master Data'!C:C,'Master Data'!F:F)} -> Aafrin Abbas Pathan | H78: {=XLOOKUP(C78,'Master Data'!C:C,'Master Data'!G:G)} -> BT Top UP | I78: {=XLOOKUP(C78,'Master Data'!C:C,'Master Data'!H:H)} -> All that piece and parcel of property bearing Flat No. 402, having an area admeasuring 37.08 sq. mtrs. carpet area along with terrace area admeasuring 6.88 sq. mtrs., situated on the Fourth Floor, in Building/Wing No. A, out of the project known as “Abhang Vishwa”, constructed/to be constructed on the entire land property, i.e. Gat No. 1599, situated at Village – Chikhali, Taluka – Haveli, District – Pune and within local limits of Pimpri Chinchwad Municipal Corporation. | J78: {=XLOOKUP(C78,'Master Data'!C:C,'Master Data'!I:I)} | K78: {=XLOOKUP(C78,'Master Data'!C:C,'Master Data'!J:J)} | L78: {=XLOOKUP(C:C,TSR_Completion!C:C,TSR_Completion!M:M)} -> Completed and Issued | M78: Results Downloaded_Pooja
A79: 626 | B79: Narayan | C79: 77000248652 | D79: {=XLOOKUP(C79,'Master Data'!C:C,'Master Data'!D:D)} -> Kharadi | E79: 21.04.2026 | F79: {=XLOOKUP(C79,'Master Data'!C:C,'Master Data'!E:E)} -> Harshal Nayan Patil | G79: {=XLOOKUP(C79,'Master Data'!C:C,'Master Data'!F:F)} -> Sunita Patil | H79: {=XLOOKUP(C79,'Master Data'!C:C,'Master Data'!G:G)} -> Builder Purchase | I79: {=XLOOKUP(C79,'Master Data'!C:C,'Master Data'!H:H)} -> All that residential Apartment/Flat bearing No. 107, situated on the 1st Floor, having carpet area admeasuring 49.81 Sq. Mtrs., along with enclosed balcony area admeasuring 7.77 Sq. Mtrs. and attached sit-out/dry balcony area admeasuring 2.80 Sq. Mtrs., in ‘A’ Wing of the project known as “Prism City Skylife”, constructed on the entire land, i.e. Survey No. 534/1 and 535/2, both situated at Village Charholi Budruk, Taluka Haveli, District Pune, within the limits of Pimpri Chinchwad Municipal Corporation, Pimpri. | J79: {=XLOOKUP(C79,'Master Data'!C:C,'Master Data'!I:I)} | K79: {=XLOOKUP(C79,'Master Data'!C:C,'Master Data'!J:J)} | L79: {=XLOOKUP(C:C,TSR_Completion!C:C,TSR_Completion!M:M)} -> Completed and Issued | M79: Results Downloaded_Pooja
A80: 653 | B80: Narayan | C80: 77000258924 | D80: {=XLOOKUP(C80,'Master Data'!C:C,'Master Data'!D:D)} -> Chinchwad | E80: 21.04.2026 | F80: {=XLOOKUP(C80,'Master Data'!C:C,'Master Data'!E:E)} -> Surendra Bhimarao Patil | G80: {=XLOOKUP(C80,'Master Data'!C:C,'Master Data'!F:F)} -> Usha Surendra Patil | H80: {=XLOOKUP(C80,'Master Data'!C:C,'Master Data'!G:G)} -> Home loan BT | I80: {=XLOOKUP(C80,'Master Data'!C:C,'Master Data'!H:H)} -> All that piece and parcel of property bearing Private Plot No. 11 admeasuring of H. 00-01 Ares, i.e. 1060 sq. feets., out of the Survey No. 95, having an area admeasuring of H. 0639 Ares together with Pot-Kharab area admeasuring of H. 00-19 Ares, i.e. total area admeasuring of H. 06-58 Ares, assessed at Rs. 20-00 Paise, situated at Village – Vitthalnagar, Taluka – Haveli, District – Pune | J80: {=XLOOKUP(C80,'Master Data'!C:C,'Master Data'!I:I)} -> 9970073654 NLK | K80: {=XLOOKUP(C80,'Master Data'!C:C,'Master Data'!J:J)} | L80: {=XLOOKUP(C:C,TSR_Completion!C:C,TSR_Completion!M:M)} -> Completed and Issued
A81: 613 | B81: Narayan | C81: 77000240739_2 | D81: {=XLOOKUP(C81,'Master Data'!C:C,'Master Data'!D:D)} -> Vishrantwadi | E81: 20.04.2026 | F81: {=XLOOKUP(C81,'Master Data'!C:C,'Master Data'!E:E)} -> Vishal Appasaheb Moholkar | G81: {=XLOOKUP(C81,'Master Data'!C:C,'Master Data'!F:F)} -> Vaibhav Appasaheb Moholkar | H81: {=XLOOKUP(C81,'Master Data'!C:C,'Master Data'!G:G)} -> BT | I81: {=XLOOKUP(C81,'Master Data'!C:C,'Master Data'!H:H)} -> All that piece and parcel of Shop No. 2, admeasuring 29.54 Sq. Mtrs. (i.e. 318 Sq. Ft.), together with 1.20% undivided share in the land as per Deed of Apartment and 1.733% undivided share as per Deed of Declaration, situated on the Ground Floor in the building known as “Sneh Complex Condominium”, constructed on Final Plot No. 359/B/1 of Town Planning Scheme No. 1, bearing CTS No. 1032/B/1, situated at Village Shivajinagar (Bhamburda), Taluka – Haveli, District – Pune and within the local limits of Pune Municipal Corporation, Pune. | J81: {=XLOOKUP(C81,'Master Data'!C:C,'Master Data'!I:I)} | K81: {=XLOOKUP(C81,'Master Data'!C:C,'Master Data'!J:J)} | L81: {=XLOOKUP(C:C,TSR_Completion!C:C,TSR_Completion!M:M)} -> Completed and Issued
A82: 613 | B82: Narayan | C82: 77000240739_3 | D82: {=XLOOKUP(C82,'Master Data'!C:C,'Master Data'!D:D)} -> Vishrantwadi | E82: 20.04.2026 | F82: {=XLOOKUP(C82,'Master Data'!C:C,'Master Data'!E:E)} -> Vishal Appasaheb Moholkar | G82: {=XLOOKUP(C82,'Master Data'!C:C,'Master Data'!F:F)} -> Vaibhav Appasaheb Moholkar | H82: {=XLOOKUP(C82,'Master Data'!C:C,'Master Data'!G:G)} -> BT | I82: {=XLOOKUP(C82,'Master Data'!C:C,'Master Data'!H:H)} -> All that piece and parcel of Shop No. 3, admeasuring 13.19 Sq. Mtrs. (i.e. 142 Sq. Ft.), together with 0.773% undivided share in the land as per Deed of Declaration, situated on the Ground Floor in the building known as “Sneh Complex Condominium”, constructed on Final Plot No. 359/B/1 of Town Planning Scheme No. 1, bearing CTS No. 1032/B/1, situated at Village Shivajinagar (Bhamburda), Taluka – Haveli, District – Pune and within the local limits of Pune Municipal Corporation, Pune. | J82: {=XLOOKUP(C82,'Master Data'!C:C,'Master Data'!I:I)} | K82: {=XLOOKUP(C82,'Master Data'!C:C,'Master Data'!J:J)} | L82: {=XLOOKUP(C:C,TSR_Completion!C:C,TSR_Completion!M:M)} -> Completed and Issued
A83: 647_1 | B83: Narayan | C83: 7792145490_1 | D83: {=XLOOKUP(C83,'Master Data'!C:C,'Master Data'!D:D)} -> Main | E83: 22.04.2026 | F83: {=XLOOKUP(C83,'Master Data'!C:C,'Master Data'!E:E)} -> Santosh Jawalkar | G83: {=XLOOKUP(C83,'Master Data'!C:C,'Master Data'!F:F)} -> Irsha Jawalkar, Raghunath Jawalkar, Muktabai Jawalkar | H83: {=XLOOKUP(C83,'Master Data'!C:C,'Master Data'!G:G)} -> LAP | I83: {=XLOOKUP(C83,'Master Data'!C:C,'Master Data'!H:H)} -> All that piece and parcel of property being Flat No. 401, admeasuring Carpet Area 520.76 Sq. Ft., together with Open/Enclosed Balcony area admeasuring 51.45 Sq. Ft., Dry Balcony area admeasuring 19.38 Sq. Ft. and Terrace area admeasuring 66.52 Sq. Ft., situated in Wing “A” of the building, constructed/to be constructed on the entire land property bearing Survey No. 491 Hissa No. 2 and Survey No. 492 Hissa No. 2A/1B, admeasuring in aggregate 3597.94 Sq. Mtrs., situated at Village Bhosari (Kasarwadi), Taluka Haveli, District Pune and within the limits of Pimpri Chinchwad Municipal Corporation. | J83: 8983701761 NLK | K83: {=XLOOKUP(C83,'Master Data'!C:C,'Master Data'!J:J)} | L83: {=XLOOKUP(C:C,TSR_Completion!C:C,TSR_Completion!M:M)} -> Completed and Issued | M83: Results Downloaded_Pooja
A84: 654 | B84: Narayan | C84: 77000261964 | D84: {=XLOOKUP(C84,'Master Data'!C:C,'Master Data'!D:D)} -> Vishrantwadi | E84: 22.04.2026 | F84: {=XLOOKUP(C84,'Master Data'!C:C,'Master Data'!E:E)} -> Vijay Kharat | G84: {=XLOOKUP(C84,'Master Data'!C:C,'Master Data'!F:F)} -> Sunita Kharat | H84: {=XLOOKUP(C84,'Master Data'!C:C,'Master Data'!G:G)} -> BT | I84: {=XLOOKUP(C84,'Master Data'!C:C,'Master Data'!H:H)} -> All that piece and parcel of property bearing Private Plot No. 9, having an area admeasuring of H. 00-00.93 Ares, i.e. 1000 sq. feets., out of Survey No. 46, Hissa No. 12, having total area admeasuring of H. 01-08 Ares, together with Pot-Kharab area admeasuring of H. 00-20 Ares, total area admeasuring of H. 01-28 Ares, assessed at Rs. 01-00 Paise, situated at Village – Lohgaon, Taluka – Haveli, District – Pune | J84: {=XLOOKUP(C84,'Master Data'!C:C,'Master Data'!I:I)} -> Group | K84: {=XLOOKUP(C84,'Master Data'!C:C,'Master Data'!J:J)} | L84: {=XLOOKUP(C:C,TSR_Completion!C:C,TSR_Completion!M:M)} -> Completed and Issued | M84: Results Downloaded_Pooja
A85: 655 | B85: Narayan | C85: 77000216831 | D85: {=XLOOKUP(C85,'Master Data'!C:C,'Master Data'!D:D)} -> Main | E85: 22.04.2026 | F85: {=XLOOKUP(C85,'Master Data'!C:C,'Master Data'!E:E)} -> Asha Rupesh Jathar | G85: {=XLOOKUP(C85,'Master Data'!C:C,'Master Data'!F:F)} -> Jay Rupesh Jathar | H85: {=XLOOKUP(C85,'Master Data'!C:C,'Master Data'!G:G)} -> HL Internal Top Up | I85: {=XLOOKUP(C85,'Master Data'!C:C,'Master Data'!H:H)} -> All that piece and parcel of property bearing Flat No. 7A (as per Pune Municipal Corporation sanctioned plan Flat No. 7), having an area admeasuring 270 sq. ft. i.e. 25.09 sq. mtrs. built-up, situated on the Fourth Floor, in the building known as “Sai Shraddha”, constructed on the land bearing City Survey No. 532, situated at Mouje Ganesh Peth, Taluka Haveli, District Pune and within the local limits of Pune Municipal Corporation. | J85: {=XLOOKUP(C85,'Master Data'!C:C,'Master Data'!I:I)} -> Group | K85: {=XLOOKUP(C85,'Master Data'!C:C,'Master Data'!J:J)} | L85: {=XLOOKUP(C:C,TSR_Completion!C:C,TSR_Completion!M:M)} -> Completed and Issued | M85: Results Downloaded_Pooja
A86: 664 | B86: Narayan | C86: 77000258258 | D86: {=XLOOKUP(C86,'Master Data'!C:C,'Master Data'!D:D)} -> Main | E86: 22.04.2026 | F86: {=XLOOKUP(C86,'Master Data'!C:C,'Master Data'!E:E)} -> Balaji Ambadas Samlet | G86: {=XLOOKUP(C86,'Master Data'!C:C,'Master Data'!F:F)} | H86: {=XLOOKUP(C86,'Master Data'!C:C,'Master Data'!G:G)} -> Resale Property | I86: {=XLOOKUP(C86,'Master Data'!C:C,'Master Data'!H:H)} -> Kharadi S.No . 37 | J86: {=XLOOKUP(C86,'Master Data'!C:C,'Master Data'!I:I)} -> Group | K86: {=XLOOKUP(C86,'Master Data'!C:C,'Master Data'!J:J)} | L86: {=XLOOKUP(C:C,TSR_Completion!C:C,TSR_Completion!M:M)} -> #N/A | M86: Results Downloaded_Pooja
A87: 627 | B87: Narayan | C87: 77000253356 | D87: {=XLOOKUP(C87,'Master Data'!C:C,'Master Data'!D:D)} -> Kolhapur | E87: 21.04.2026 | F87: {=XLOOKUP(C87,'Master Data'!C:C,'Master Data'!E:E)} -> Mr. Akshay Suresh Patil | G87: {=XLOOKUP(C87,'Master Data'!C:C,'Master Data'!F:F)} -> Savita Suresh Patil | H87: {=XLOOKUP(C87,'Master Data'!C:C,'Master Data'!G:G)} -> Apana Ghar Regular Under Construction | I87: {=XLOOKUP(C87,'Master Data'!C:C,'Master Data'!H:H)} -> All that piece and parcel of land property bearing non-agricultural Plot No. 34, having an area admeasuring of 160.34 sq.mtrs., carved out of Gat No. 307/A and Gat No. 307/B, both situated at Village – Vathar Tarf Vadgaon, Taluka – Hatkanangale, District – Kolhapur. | J87: {=XLOOKUP(C87,'Master Data'!C:C,'Master Data'!I:I)} -> Ref. No. : IHFC/TSR/88/2025 | K87: {=XLOOKUP(C87,'Master Data'!C:C,'Master Data'!J:J)} | L87: {=XLOOKUP(C:C,TSR_Completion!C:C,TSR_Completion!M:M)} -> Completed and Issued
A88: 625 | B88: Narayan | C88: 77000234237_1 | D88: {=XLOOKUP(C88,'Master Data'!C:C,'Master Data'!D:D)} -> Main | E88: 21.04.2026 | F88: {=XLOOKUP(C88,'Master Data'!C:C,'Master Data'!E:E)} -> Sandeep Jadhav | G88: {=XLOOKUP(C88,'Master Data'!C:C,'Master Data'!F:F)} | H88: {=XLOOKUP(C88,'Master Data'!C:C,'Master Data'!G:G)} -> LAP - Commercial | I88: {=XLOOKUP(C88,'Master Data'!C:C,'Master Data'!H:H)} -> All that piece and parcel of Unit No. G-01, having built-up area admeasuring of 457.728 sq. mtrs., situated on the Ground Floor, out of the project known as "Bellissima", being constructed on the land project land, i.e. Surve No. 271/1, 275/A, 275/B and 275, situated at Village – Baner, Taluka – Haveli, District – Pune and within local limits of Pune Municipal Corporation, Pune. | J88: {=XLOOKUP(C88,'Master Data'!C:C,'Master Data'!I:I)} -> email | K88: {=XLOOKUP(C88,'Master Data'!C:C,'Master Data'!J:J)} | L88: {=XLOOKUP(C:C,TSR_Completion!C:C,TSR_Completion!M:M)} -> Completed and Issued
A89: 656 | B89: Narayan | C89: 77000255382_1 | D89: {=XLOOKUP(C89,'Master Data'!C:C,'Master Data'!D:D)} -> Vishrantwadi | E89: 22.04.2026 | F89: {=XLOOKUP(C89,'Master Data'!C:C,'Master Data'!E:E)} -> Sabiya Arif Shaikh | G89: {=XLOOKUP(C89,'Master Data'!C:C,'Master Data'!F:F)} | H89: {=XLOOKUP(C89,'Master Data'!C:C,'Master Data'!G:G)} -> Resale | I89: {=XLOOKUP(C89,'Master Data'!C:C,'Master Data'!H:H)} -> All that piece and parcel of property bearing Flat No. 306, admeasuring Carpet Area 29.39 Sq. Mtrs., along with adjoining Terrace Area 3.15 Sq. Mtrs. and Balcony Area 6.87 Sq. Mtrs., situated on the Third Floor in Building No. “A”, in the project known as “Prajol Ashiyana”, constructed on the land bearing CTS No. 5023, CTS No. 5020/4 (Sheet No. 118), CTS No. 5026 (Sheet No. 119) and other connected CTS numbers, situated at Village Pimpri Waghere, Taluka Haveli, District Pune and within the local limits of Pimpri Chinchwad Municipal Corporation. | J89: {=XLOOKUP(C89,'Master Data'!C:C,'Master Data'!I:I)} -> Group | K89: {=XLOOKUP(C89,'Master Data'!C:C,'Master Data'!J:J)} | L89: {=XLOOKUP(C:C,TSR_Completion!C:C,TSR_Completion!M:M)} -> Completed and Issued | M89: I completed the search,but none of the Results were downloaded / POOJA
A90: 625 | B90: Narayan | C90: 77000234237_2 | D90: {=XLOOKUP(C90,'Master Data'!C:C,'Master Data'!D:D)} -> Main | E90: 21.04.2026 | F90: {=XLOOKUP(C90,'Master Data'!C:C,'Master Data'!E:E)} -> Sandeep Jadhav | G90: {=XLOOKUP(C90,'Master Data'!C:C,'Master Data'!F:F)} | H90: {=XLOOKUP(C90,'Master Data'!C:C,'Master Data'!G:G)} -> LAP - Commercial | I90: {=XLOOKUP(C90,'Master Data'!C:C,'Master Data'!H:H)} -> All that piece and parcel of Unit No. G-02, having built-up area admeasuring of 463.699 sq. mtrs., situated on the Ground Floor, out of the project known as "Bellissima", being constructed on the land project land, i.e. Surve No. 271/1, 275/A, 275/B and 275, situated at Village – Baner, Taluka – Haveli, District – Pune and within local limits of Pune Municipal Corporation, Pune. | J90: {=XLOOKUP(C90,'Master Data'!C:C,'Master Data'!I:I)} -> email | K90: {=XLOOKUP(C90,'Master Data'!C:C,'Master Data'!J:J)} | L90: {=XLOOKUP(C:C,TSR_Completion!C:C,TSR_Completion!M:M)} -> Completed and Issued
A91: 625 | B91: Narayan | C91: 77000234237_3 | D91: {=XLOOKUP(C91,'Master Data'!C:C,'Master Data'!D:D)} -> Main | E91: 21.04.2026 | F91: {=XLOOKUP(C91,'Master Data'!C:C,'Master Data'!E:E)} -> Sandeep Jadhav | G91: {=XLOOKUP(C91,'Master Data'!C:C,'Master Data'!F:F)} | H91: {=XLOOKUP(C91,'Master Data'!C:C,'Master Data'!G:G)} -> LAP - Commercial | I91: {=XLOOKUP(C91,'Master Data'!C:C,'Master Data'!H:H)} -> All that piece and parcel of Unit No. G-01, having built-up area admeasuring of 120.33 sq. mtrs., situated on the Ground Floor, out of the project known as "Bellissima", being constructed on the land project land, i.e. Surve No. 271/1, 275/A, 275/B and 275, situated at Village – Baner, Taluka – Haveli, District – Pune and within local limits of Pune Municipal Corporation, Pune. | J91: {=XLOOKUP(C91,'Master Data'!C:C,'Master Data'!I:I)} -> email | K91: {=XLOOKUP(C91,'Master Data'!C:C,'Master Data'!J:J)} | L91: {=XLOOKUP(C:C,TSR_Completion!C:C,TSR_Completion!M:M)} -> Completed and Issued
A92: 657 | B92: Narayan | C92: 77000255382_2 | D92: {=XLOOKUP(C92,'Master Data'!C:C,'Master Data'!D:D)} -> vishrantwadi | E92: 22.04.2026 | F92: {=XLOOKUP(C92,'Master Data'!C:C,'Master Data'!E:E)} -> Sabiya Arif Shaikh | G92: {=XLOOKUP(C92,'Master Data'!C:C,'Master Data'!F:F)} | H92: {=XLOOKUP(C92,'Master Data'!C:C,'Master Data'!G:G)} -> Resale | I92: {=XLOOKUP(C92,'Master Data'!C:C,'Master Data'!H:H)} -> All that piece and parcel of property bearing Flat No. 307, admeasuring Carpet Area 28.49 Sq. Mtrs., along with adjoining Terrace Area 4.32 Sq. Mtrs. and Balcony Area 3.91 Sq. Mtrs., situated on the Third Floor in Building No. “A”, in the project known as “Prajol Ashiyana”, constructed on the land bearing CTS No. 5023, CTS No. 5020/4 (Sheet No. 118), CTS No. 5026 (Sheet No. 119) and other connected CTS numbers, situated at Village Pimpri Waghere, Taluka Haveli, District Pune and within the local limits of Pimpri Chinchwad Municipal Corporation. | J92: {=XLOOKUP(C92,'Master Data'!C:C,'Master Data'!I:I)} -> Group | K92: {=XLOOKUP(C92,'Master Data'!C:C,'Master Data'!J:J)} | L92: {=XLOOKUP(C:C,TSR_Completion!C:C,TSR_Completion!M:M)} -> Completed and Issued
A93: 658 | B93: Narayan | C93: 77000258336 | D93: {=XLOOKUP(C93,'Master Data'!C:C,'Master Data'!D:D)} -> Kolhapur | E93: 22.04.2026 | F93: {=XLOOKUP(C93,'Master Data'!C:C,'Master Data'!E:E)} -> Amruta Sandeep Bhapkar | G93: {=XLOOKUP(C93,'Master Data'!C:C,'Master Data'!F:F)} -> Sandeep Shrikant Bhapkar. | H93: {=XLOOKUP(C93,'Master Data'!C:C,'Master Data'!G:G)} -> Regular Lap | I93: {=XLOOKUP(C93,'Master Data'!C:C,'Master Data'!H:H)} -> All that piece and parcel of property bearing CTS No. 2684/2/B/1, admeasuring 44.40 Sq. Mtrs., together with RCC construction standing thereon, situated at A Ward, Kolhapur City, within the limits of Kolhapur Municipal Corporation, Taluka Karveer, District Kolhapur | J93: {=XLOOKUP(C93,'Master Data'!C:C,'Master Data'!I:I)} -> Group | K93: {=XLOOKUP(C93,'Master Data'!C:C,'Master Data'!J:J)} | L93: {=XLOOKUP(C:C,TSR_Completion!C:C,TSR_Completion!M:M)} -> Completed and Issued | M93: Results Downloaded_Pooja
A94: 659 | B94: Narayan | C94: 77000264050 | D94: {=XLOOKUP(C94,'Master Data'!C:C,'Master Data'!D:D)} -> Kolhapur | E94: 22.04.2026 | F94: {=XLOOKUP(C94,'Master Data'!C:C,'Master Data'!E:E)} -> Suhas Appasaheb Gavali | G94: {=XLOOKUP(C94,'Master Data'!C:C,'Master Data'!F:F)} -> Rajashri Suhas Gavali | H94: {=XLOOKUP(C94,'Master Data'!C:C,'Master Data'!G:G)} -> Regular Comercial Lap | I94: {=XLOOKUP(C94,'Master Data'!C:C,'Master Data'!H:H)} -> All that piece and parcel of property being Shop/Gala No. 2, admeasuring area 27.00 Sq. Mtrs., situated on the Ground Floor in the RCC building known as “Parijaat”, constructed/to be constructed on the land bearing City Survey No. 764/B and City Survey No. 764/A/2, admeasuring in aggregate 592.45 Sq. Mtrs. as per Property Card, situated at Kasba Bawada, E Ward, within the limits of Kolhapur Municipal Corporation, Taluka Karveer, District Kolhapur. | J94: {=XLOOKUP(C94,'Master Data'!C:C,'Master Data'!I:I)} -> Group | K94: {=XLOOKUP(C94,'Master Data'!C:C,'Master Data'!J:J)} | L94: {=XLOOKUP(C:C,TSR_Completion!C:C,TSR_Completion!M:M)} -> Completed and Issued | M94: Results Downloaded_Pooja
A95: 609_2 | B95: Narayan | C95: 77000253345_2 | D95: {=XLOOKUP(C95,'Master Data'!C:C,'Master Data'!D:D)} -> Main | E95: 17.04.2026 | F95: {=XLOOKUP(C95,'Master Data'!C:C,'Master Data'!E:E)} -> M/s. Wakadkar Brothers | G95: {=XLOOKUP(C95,'Master Data'!C:C,'Master Data'!F:F)} -> Mr. Vishal Yashwant Wakadkar Mr. Yashwant Sopan Wakadkar | H95: {=XLOOKUP(C95,'Master Data'!C:C,'Master Data'!G:G)} -> LAP - RESI | I95: {=XLOOKUP(C95,'Master Data'!C:C,'Master Data'!H:H)} -> All that piece and parcel of property bearing Flat/Apartment No. B-206, having an area admeasuring 65.82 Sq. Mtrs. (Carpet Area 51.10 Sq. Mtrs. + Enclosed Balcony Area 6.11 Sq. Mtrs. + Dry Balcony Area 2.21 Sq. Mtrs. + Terrace Area 6.40 Sq. Mtrs.), situated on the Second Floor, in Wing ‘B’, out of the project known as “Viva ABCD”, constructed/to be constructed on the entire land property bearing Survey Nos. 130/3/1, 130/3/2 and 130/2/4, situated at Village – Wakad, Taluka – Mulshi, District – Pune, within the limits of Pimpri Chinchwad Municipal Corporation. | J95: {=XLOOKUP(C95,'Master Data'!C:C,'Master Data'!I:I)} -> . | K95: {=XLOOKUP(C95,'Master Data'!C:C,'Master Data'!J:J)} | L95: {=XLOOKUP(C:C,TSR_Completion!C:C,TSR_Completion!M:M)} -> Completed and Issued
A96: 609_3 | B96: Narayan | C96: 77000253345_3 | D96: {=XLOOKUP(C96,'Master Data'!C:C,'Master Data'!D:D)} -> Main | E96: 17.04.2026 | F96: {=XLOOKUP(C96,'Master Data'!C:C,'Master Data'!E:E)} -> M/s. Wakadkar Brothers | G96: {=XLOOKUP(C96,'Master Data'!C:C,'Master Data'!F:F)} -> Mr. Vishal Yashwant Wakadkar Mr. Yashwant Sopan Wakadkar | H96: {=XLOOKUP(C96,'Master Data'!C:C,'Master Data'!G:G)} -> LAP - RESI | I96: {=XLOOKUP(C96,'Master Data'!C:C,'Master Data'!H:H)} -> All that piece and parcel of property bearing Flat/Apartment No. C-107, having an area admeasuring 76.58 Sq. Mtrs. (Carpet Area 58.42 Sq. Mtrs. + Enclosed Balcony Area 5.34 Sq. Mtrs. + Dry Balcony Area 2.21 Sq. Mtrs. + Terrace Area 10.61 Sq. Mtrs.), situated on the First Floor, in Wing ‘C’, out of the project known as “Viva ABCD”, constructed/to be constructed on the entire land property bearing Survey Nos. 130/3/1, 130/3/2 and 130/2/4, situated at Village – Wakad, Taluka – Mulshi, District – Pune, within the limits of Pimpri Chinchwad Municipal Corporation, along with one car parking space. | J96: {=XLOOKUP(C96,'Master Data'!C:C,'Master Data'!I:I)} -> . | K96: {=XLOOKUP(C96,'Master Data'!C:C,'Master Data'!J:J)} | L96: {=XLOOKUP(C:C,TSR_Completion!C:C,TSR_Completion!M:M)} -> Completed and Issued
A97: 632 | B97: Narayan | C97: 77000263661 | D97: {=XLOOKUP(C97,'Master Data'!C:C,'Master Data'!D:D)} -> Chinchwad | E97: 21.04.2026 | F97: {=XLOOKUP(C97,'Master Data'!C:C,'Master Data'!E:E)} -> Kiran Namdev Shinde | G97: {=XLOOKUP(C97,'Master Data'!C:C,'Master Data'!F:F)} -> Nirmalsharada Trading LLP Rupali Kiran Shinde | H97: {=XLOOKUP(C97,'Master Data'!C:C,'Master Data'!G:G)} -> LAP | I97: {=XLOOKUP(C97,'Master Data'!C:C,'Master Data'!H:H)} -> All that piece and parcel of Shop No. 02, situated on the Ground Floor, admeasuring 323.03 square feet i.e. 30.02 square metres (carpet area), in Building No. “B”, in the building known as “Sai Vivek Co-operative Housing Society Ltd.”, together with membership rights in the said society, and along with proportionate undivided share in the land and common areas, amenities and facilities appurtenant thereto, constructed on land bearing Survey No. 77/4, lying and situated at Village Ravet, Taluka Haveli, District Pune, within the limits of Pimpri Chinchwad Municipal Corporation, Pimpri. | J97: {=XLOOKUP(C97,'Master Data'!C:C,'Master Data'!I:I)} | K97: {=XLOOKUP(C97,'Master Data'!C:C,'Master Data'!J:J)} | L97: {=XLOOKUP(C:C,TSR_Completion!C:C,TSR_Completion!M:M)} -> Completed and Issued | M97: Results Downloaded_Pooja
A98: 663 | B98: Narayan | C98: 77000266325 | D98: {=XLOOKUP(C98,'Master Data'!C:C,'Master Data'!D:D)} -> Hadapsar | E98: 23.04.2026 | F98: {=XLOOKUP(C98,'Master Data'!C:C,'Master Data'!E:E)} -> Swati Yogesh Ingale | G98: {=XLOOKUP(C98,'Master Data'!C:C,'Master Data'!F:F)} -> Yogesh Laxman Ingale | H98: {=XLOOKUP(C98,'Master Data'!C:C,'Master Data'!G:G)} -> Builder purchase | I98: {=XLOOKUP(C98,'Master Data'!C:C,'Master Data'!H:H)} -> All that piece and parcel of Flat/Apartment No. 302, having carpet area admeasuring 52.99 Sq. Mtrs. along with balcony area admeasuring 3.20 Sq. Mtrs., aggregating to total carpet area of 56.19 Sq. Mtrs., situated on the 3rd Floor, in Building/Wing “E”, of the project known as “DEW DROPS”, constructed/to be constructed on the land bearing Survey No. 72A, Hissa No. 2, situated at Village Saswad, Taluka Purandar, District Pune. The said flat is along with one tin shade car parking space, and is entitled to proportionate undivided share in the land and common areas and amenities appurtenant thereto. | J98: {=XLOOKUP(C98,'Master Data'!C:C,'Master Data'!I:I)} -> 7887572265 NLK | K98: {=XLOOKUP(C98,'Master Data'!C:C,'Master Data'!J:J)} | L98: {=XLOOKUP(C:C,TSR_Completion!C:C,TSR_Completion!M:M)} -> Completed and Issued | M98: Results Downloaded_Pooja
A99: 660 | B99: Narayan | C99: 77000259155 | D99: {=XLOOKUP(C99,'Master Data'!C:C,'Master Data'!D:D)} -> Wakad | E99: 23.04.2026 | F99: {=XLOOKUP(C99,'Master Data'!C:C,'Master Data'!E:E)} -> Jagdish Popat Patil | G99: {=XLOOKUP(C99,'Master Data'!C:C,'Master Data'!F:F)} -> Popat Patil,Nirmala Patil | H99: {=XLOOKUP(C99,'Master Data'!C:C,'Master Data'!G:G)} -> Builder purchase | I99: {=XLOOKUP(C99,'Master Data'!C:C,'Master Data'!H:H)} -> All that piece and parcel of property being Flat No. 104, admeasuring Carpet Area 31.28 Sq. Mtrs., together with Balcony area admeasuring 5.42 Sq. Mtrs., situated on the First Floor in C & D Wing/Building of the project known as “Khush Vista Phase I”, constructed/to be constructed on the land bearing Survey No. 2/1A/1B/2A/2B/2C/Plot No. D admeasuring 5591.35 Sq. Mtrs. and Survey No. 2/1A/1B/2A/2B/2C/Open Space/Plot No. D admeasuring 776.16 Sq. Mtrs., situated at Village Mohammadwadi, Taluka Haveli, District Pune and within the limits of Pune Municipal Corporation, along with all easements and appurtenances thereto. | J99: {=XLOOKUP(C99,'Master Data'!C:C,'Master Data'!I:I)} -> Group | K99: {=XLOOKUP(C99,'Master Data'!C:C,'Master Data'!J:J)} | L99: {=XLOOKUP(C:C,TSR_Completion!C:C,TSR_Completion!M:M)} -> Completed and Issued | M99: Results Downloaded_Pooja
A100: 634 | B100: Narayan | C100: APF 4 | D100: {=XLOOKUP(C100,'Master Data'!C:C,'Master Data'!D:D)} -> APF | E100: 23.04.2026 | F100: {=XLOOKUP(C100,'Master Data'!C:C,'Master Data'!E:E)} -> Avighna Heights | G100: 10 | H100: {=XLOOKUP(C100,'Master Data'!C:C,'Master Data'!G:G)} -> APF | I100: {=XLOOKUP(C100,'Master Data'!C:C,'Master Data'!H:H)} -> All those pieces and parcels of land bearing N.A. Plot No. 53 and N.A. Plot No. 54, situate at Vadgaon, Taluka – Maval, District – Pune, formed out of Survey No. 81 + 81/2 + 281/2B, admeasuring in aggregate 905.20 Sq. Mtrs. (i.e. Plot No. 53 admeasuring 418.50 Sq. Mtrs. and Plot No. 54 admeasuring 486.70 Sq. Mtrs.), assessed at 00 Rs. 14 Ps., | J100: {=XLOOKUP(C100,'Master Data'!C:C,'Master Data'!I:I)} -> Hardcopy (8888167545)Sourabh shinde WAKAD | K100: {=XLOOKUP(C100,'Master Data'!C:C,'Master Data'!J:J)} -> . | L100: {=XLOOKUP(C:C,TSR_Completion!C:C,TSR_Completion!M:M)} -> Completed and Issued | M100: Results Downloaded _Deepali
...

Sheet TSR_Completion
A1: Sr. No. | B1: Author | C1: Application ID | D1: Branch | E1: Receipt Date | F1: Applicant | G1: Co-Applicant | H1: Case Type | I1: Description of Property | J1: Receipt No. | K1: Receipt Amount | L1: eSearch Receipt | M1: Remark | N1: Report Date | O1: VeloCT Status
A2: 497 | B2: Narayan | C2: 77000234182 | D2: {=XLOOKUP(C2,'Master Data'!C:C,'Master Data'!D:D)} -> Main | E2: {=XLOOKUP(C2,'TSR Initiation'!C:C,'TSR Initiation'!E:E)} | F2: {=XLOOKUP(C2,'Master Data'!C:C,'Master Data'!E:E)} -> Swapan Mandol | G2: {=XLOOKUP(C2,'Master Data'!C:C,'Master Data'!F:F)} -> ABC | H2: {=XLOOKUP(C2,'Master Data'!C:C,'Master Data'!G:G)} -> Resale | I2: {=XLOOKUP(C2,'Master Data'!C:C,'Master Data'!H:H)} -> Pune. Ganesh Peth. CTS No. 48 | J2: . | M2: Completed and Issued
A3: 512 | B3: Narayan | C3: 7792016425 | D3: {=XLOOKUP(C3,'Master Data'!C:C,'Master Data'!D:D)} -> Main | E3: {=XLOOKUP(C3,'TSR Initiation'!C:C,'TSR Initiation'!E:E)} -> #N/A | F3: {=XLOOKUP(C3,'Master Data'!C:C,'Master Data'!E:E)} -> Aahan Buildcon | G3: {=XLOOKUP(C3,'Master Data'!C:C,'Master Data'!F:F)} | H3: {=XLOOKUP(C3,'Master Data'!C:C,'Master Data'!G:G)} | I3: {=XLOOKUP(C3,'Master Data'!C:C,'Master Data'!H:H)} | J3: . | M3: Completed and Issued
A4: 560 | B4: Narayan | C4: 77000250964 | D4: {=XLOOKUP(C4,'Master Data'!C:C,'Master Data'!D:D)} -> Baner | E4: {=XLOOKUP(C4,'TSR Initiation'!C:C,'TSR Initiation'!E:E)} -> #N/A | F4: {=XLOOKUP(C4,'Master Data'!C:C,'Master Data'!E:E)} -> Santosh Ghumare | G4: {=XLOOKUP(C4,'Master Data'!C:C,'Master Data'!F:F)} | H4: {=XLOOKUP(C4,'Master Data'!C:C,'Master Data'!G:G)} | I4: {=XLOOKUP(C4,'Master Data'!C:C,'Master Data'!H:H)} | J4: . | M4: Completed and Issued
A5: 561 | B5: Narayan | C5: 7792144896 | D5: {=XLOOKUP(C5,'Master Data'!C:C,'Master Data'!D:D)} -> Wakad | E5: {=XLOOKUP(C5,'TSR Initiation'!C:C,'TSR Initiation'!E:E)} -> #N/A | F5: {=XLOOKUP(C5,'Master Data'!C:C,'Master Data'!E:E)} -> Dattatray Suresh Kalbhor | G5: {=XLOOKUP(C5,'Master Data'!C:C,'Master Data'!F:F)} -> Mrs. Deepali Dattatray Kalbhor | H5: {=XLOOKUP(C5,'Master Data'!C:C,'Master Data'!G:G)} -> Builder Purchase | I5: {=XLOOKUP(C5,'Master Data'!C:C,'Master Data'!H:H)} -> All that residential Apartment No. 2405 on the 24th Floor, admeasuring 55.76 Sq. Mtrs. carpet area, along with appurtenant area of 9.14 Sq. Mtrs., including attached balcony admeasuring 2.60 Sq. Mtrs., in the Building No. G, known as “Giardino” in the project known as “Puraniks Abitante Fiore, Phase 2B”, to be constructed on the aforesaid entire land property, i.e. Survey No. 233/1 to 7/235/1/235/2A/235/2B/244/2 and others, situated at Village – Bavdhan Budruk, Taluka – Mulshi, District – Pune. | J5: . | M5: Completed and Issued
A6: 562 | B6: Narayan | C6: APF | D6: {=XLOOKUP(C6,'Master Data'!C:C,'Master Data'!D:D)} -> Main | E6: {=XLOOKUP(C6,'TSR Initiation'!C:C,'TSR Initiation'!E:E)} -> #N/A | F6: {=XLOOKUP(C6,'Master Data'!C:C,'Master Data'!E:E)} -> Tathastu | G6: {=XLOOKUP(C6,'Master Data'!C:C,'Master Data'!F:F)} | H6: {=XLOOKUP(C6,'Master Data'!C:C,'Master Data'!G:G)} | I6: {=XLOOKUP(C6,'Master Data'!C:C,'Master Data'!H:H)} | J6: . | M6: Completed and Issued
A7: 563 | B7: Narayan | C7: 77000238463 | D7: {=XLOOKUP(C7,'Master Data'!C:C,'Master Data'!D:D)} -> Main | E7: {=XLOOKUP(C7,'TSR Initiation'!C:C,'TSR Initiation'!E:E)} -> #N/A | F7: {=XLOOKUP(C7,'Master Data'!C:C,'Master Data'!E:E)} -> Pradeep Patil | G7: {=XLOOKUP(C7,'Master Data'!C:C,'Master Data'!F:F)} | H7: {=XLOOKUP(C7,'Master Data'!C:C,'Master Data'!G:G)} -> Resale | I7: {=XLOOKUP(C7,'Master Data'!C:C,'Master Data'!H:H)} -> All that piece and parcel of property bearing Flat No. 704, having built-up area admeasuring of 601 sq. feets., i.e. 55.85 sq. mtrs., along with terrace area admeasuring of 74 sq. feets., i.e. 6.87 sq. mtrs., i.e. total saleable area admeasuring of 638 sq. feets., i.e. 59.29 sq.mtrs., situated on the Seventh Floor, along with one two wheeler parking space, in Building No. "K-2", out of the project known as "Kate Puram-II", constructed on the land bearing No. Plot No. 3+4, out of the Survey No. 48/1/1 + 48/2/1, situated at Village - Pimpale Gurav, Taluka - Haveli, District - Pune and within local limits of Pimpri Chinchwad Municipal Corporation, Pimpri. | J7: . | M7: Completed and Issued
A8: 564 | B8: Narayan | C8: 77000249933 | D8: {=XLOOKUP(C8,'Master Data'!C:C,'Master Data'!D:D)} -> Main | E8: {=XLOOKUP(C8,'TSR Initiation'!C:C,'TSR Initiation'!E:E)} -> #N/A | F8: {=XLOOKUP(C8,'Master Data'!C:C,'Master Data'!E:E)} -> Swapnil Mardane | G8: {=XLOOKUP(C8,'Master Data'!C:C,'Master Data'!F:F)} | H8: {=XLOOKUP(C8,'Master Data'!C:C,'Master Data'!G:G)} -> BT Top UP | I8: {=XLOOKUP(C8,'Master Data'!C:C,'Master Data'!H:H)} -> All that residential Flat/Apartment No. 108, having built-up area admeasuring 1059.50 Sq. Feet (i.e. 98.46 Sq. Mtrs.), along with adjoining terrace area admeasuring 62.88 Sq. Feet (i.e. 5.84 Sq. Mtrs.), aggregating to total saleable area of 1100 Sq. Feet (i.e. 102.23 Sq. Mtrs.), situated on the First Floor, in Wing B-2 of the building known as “Sneha Vihar B-2 Co-operative Housing Society Ltd.”, constructed on land bearing Survey No. 82, Hissa No. 10, situated at Village – Shivane, Taluka – Haveli, District – Pune, within the limits of Pune Municipal Corporation. | J8: . | M8: Completed and Issued
A9: 565 | B9: Narayan | C9: 77000251190_1 | D9: {=XLOOKUP(C9,'Master Data'!C:C,'Master Data'!D:D)} -> Baner | E9: {=XLOOKUP(C9,'TSR Initiation'!C:C,'TSR Initiation'!E:E)} -> 04.04.2026 | F9: {=XLOOKUP(C9,'Master Data'!C:C,'Master Data'!E:E)} -> VRINDA MANISH BUTTAN | G9: {=XLOOKUP(C9,'Master Data'!C:C,'Master Data'!F:F)} | H9: {=XLOOKUP(C9,'Master Data'!C:C,'Master Data'!G:G)} -> BT Top UP | I9: {=XLOOKUP(C9,'Master Data'!C:C,'Master Data'!H:H)} -> All that residential Flat/Apartment No. 701, admeasuring 92.44 Sq. Mtrs. (i.e. approximately 995.01 Sq. Feet), situated on the 7th Floor, in “D” Building of the project known as “Maestros”, constructed on land bearing Survey No. 60/7, situated at Village – Wanawadi (Wanorie), Taluka – Haveli, District – Pune, within the limits of Pune Municipal Corporation, along with the right to use one car parking space, together with all easements, rights and appurtenances thereto. | J9: . | M9: Completed and Issued | N9: 07.04.2026
A10: 566 | B10: Narayan | C10: 77000251190_2 | D10: {=XLOOKUP(C10,'Master Data'!C:C,'Master Data'!D:D)} -> Baner | E10: {=XLOOKUP(C10,'TSR Initiation'!C:C,'TSR Initiation'!E:E)} -> 04.04.2026 | F10: {=XLOOKUP(C10,'Master Data'!C:C,'Master Data'!E:E)} -> VRINDA MANISH BUTTAN | G10: {=XLOOKUP(C10,'Master Data'!C:C,'Master Data'!F:F)} | H10: {=XLOOKUP(C10,'Master Data'!C:C,'Master Data'!G:G)} -> BT Top UP | I10: {=XLOOKUP(C10,'Master Data'!C:C,'Master Data'!H:H)} -> All that residential Flat/Apartment No. 701-B, admeasuring 88.72 Sq. Mtrs. (i.e. approximately 955.00 Sq. Feet), situated on the 7th Floor, in “D” Building of the project known as “Maestros”, constructed on land bearing Survey No. 60/7, situated at Village – Wanawadi (Wanorie), Taluka – Haveli, District – Pune, within the limits of Pune Municipal Corporation, together with undivided share of 0.190% in the land, along with all easements, rights and appurtenances thereto. | J10: . | M10: Completed and Issued | N10: 07.04.2026
A11: 567 | B11: Narayan | C11: 77000251190_3 | D11: {=XLOOKUP(C11,'Master Data'!C:C,'Master Data'!D:D)} -> Baner | E11: {=XLOOKUP(C11,'TSR Initiation'!C:C,'TSR Initiation'!E:E)} -> 04.04.2026 | F11: {=XLOOKUP(C11,'Master Data'!C:C,'Master Data'!E:E)} -> VRINDA MANISH BUTTAN | G11: {=XLOOKUP(C11,'Master Data'!C:C,'Master Data'!F:F)} | H11: {=XLOOKUP(C11,'Master Data'!C:C,'Master Data'!G:G)} -> BT Top UP | I11: {=XLOOKUP(C11,'Master Data'!C:C,'Master Data'!H:H)} -> All that residential Flat/Apartment No. 801, admeasuring 88.26 Sq. Mtrs. (i.e. approximately 949.91 Sq. Feet), situated on the 8th Floor, in “D” Building of the project known as “Maestros”, constructed on land bearing Survey No. 60/7, situated at Village – Wanawadi (Wanorie), Taluka – Haveli, District – Pune, within the limits of Pune Municipal Corporation, together with adjoining terrace and terrace appurtenant to the said flat admeasuring in aggregate 157.93 Sq. Mtrs., along with undivided share of 0.190% in the land, together with all easements, rights and appurtenances thereto. | J11: . | M11: Completed and Issued | N11: 07.04.2026
A12: 569 | B12: Narayan | C12: 7792150927 | D12: {=XLOOKUP(C12,'Master Data'!C:C,'Master Data'!D:D)} -> Hadapsar | E12: {=XLOOKUP(C12,'TSR Initiation'!C:C,'TSR Initiation'!E:E)} -> 04.04.2026 | F12: {=XLOOKUP(C12,'Master Data'!C:C,'Master Data'!E:E)} -> Bharat Motkar | G12: {=XLOOKUP(C12,'Master Data'!C:C,'Master Data'!F:F)} | H12: {=XLOOKUP(C12,'Master Data'!C:C,'Master Data'!G:G)} -> Resale | I12: {=XLOOKUP(C12,'Master Data'!C:C,'Master Data'!H:H)} -> All that piece and parcel of property admeasuring of H. 00-01.39 Ares, i.e. 139.40 sq. mtrs., i.e. 1500 sq. feets., out of land bearing Survey No. 39/2/3, having an area admeasuring of H. 00-83 Ares, assessed at Rs. 05-25 Paise, situated at Village – Manjari Budruk, Taluka – Haveli, District – Pune | J12: . | M12: Completed and Issued
A13: 570 | B13: Narayan | C13: 77000228844 | D13: {=XLOOKUP(C13,'Master Data'!C:C,'Master Data'!D:D)} -> Chinchwad | E13: {=XLOOKUP(C13,'TSR Initiation'!C:C,'TSR Initiation'!E:E)} -> #N/A | F13: {=XLOOKUP(C13,'Master Data'!C:C,'Master Data'!E:E)} -> Dhananjay Kulkarni | G13: {=XLOOKUP(C13,'Master Data'!C:C,'Master Data'!F:F)} | H13: {=XLOOKUP(C13,'Master Data'!C:C,'Master Data'!G:G)} -> Resale Home Loan | I13: {=XLOOKUP(C13,'Master Data'!C:C,'Master Data'!H:H)} -> All that piece and parcel of residential Flat bearing No. 104, situated on the First Floor in Wing ‘O’ of the building known as “Hubtown Countrywoods”, constructed on a part of the land bearing Survey No. 45/1/1 and other Hissa Numbers, admeasuring in aggregate 17 Hectares 27.1686 Ares (i.e. 1,72,716.86 Sq. Mtrs.), out of which an area admeasuring 11,969.99 Sq. Mtrs. is earmarked for the said project and out of which the building is constructed on land admeasuring 1,293.63 Sq. Mtrs., situated at Village Kondhwa Budruk, Taluka Haveli, District Pune, within the limits of Pune Municipal Corporation, the said Flat admeasuring Carpet Area 64.01 Sq. Mtrs. along with additional saleable terrace area admeasuring 3.43 Sq. Mtrs., together with one stilt car parking space and all easements, rights and appurtenances attached thereto. | J13: . | M13: Completed and Issued
A14: 571 | B14: Narayan | C14: 7792138312 | D14: {=XLOOKUP(C14,'Master Data'!C:C,'Master Data'!D:D)} -> Wakad | E14: {=XLOOKUP(C14,'TSR Initiation'!C:C,'TSR Initiation'!E:E)} -> 30.03.2026 | F14: {=XLOOKUP(C14,'Master Data'!C:C,'Master Data'!E:E)} -> Shubham Tayade | G14: {=XLOOKUP(C14,'Master Data'!C:C,'Master Data'!F:F)} | H14: {=XLOOKUP(C14,'Master Data'!C:C,'Master Data'!G:G)} -> Resale | I14: {=XLOOKUP(C14,'Master Data'!C:C,'Master Data'!H:H)} -> All that piece and parcel of property bearing H. 00-00.50 Ares, i.e. 500 sq. feets., out of Survey No. 79/13/10, having an area admeasuring of H. 00-01.50 Ares, assessed at Rs. 00-05 Paise, situated at Village – Rahatani, Taluka – Haveli, District – Pune | J14: . | M14: Completed and Issued | N14: 10.04.2026
A15: 572 | B15: Narayan | C15: 77000249866 | D15: {=XLOOKUP(C15,'Master Data'!C:C,'Master Data'!D:D)} -> Kolhapur | E15: {=XLOOKUP(C15,'TSR Initiation'!C:C,'TSR Initiation'!E:E)} -> 29.03.2026 | F15: {=XLOOKUP(C15,'Master Data'!C:C,'Master Data'!E:E)} -> Bharat Sanjay Vaidya | G15: {=XLOOKUP(C15,'Master Data'!C:C,'Master Data'!F:F)} | H15: {=XLOOKUP(C15,'Master Data'!C:C,'Master Data'!G:G)} -> Apana Ghar Self Construction | I15: {=XLOOKUP(C15,'Master Data'!C:C,'Master Data'!H:H)} -> All that piece and parcel of non-agricultural property admeasuring 47.46 Sq. Mtrs., together with a residential house constructed in the year 2011, built with brick and mud walls and having a cement sheet roof, admeasuring 330 Sq. Ft., constructed on the land bearing CTS No. 460, situated at Village – Chandur, Taluka – Hatkanangale, District – Kolhapur | J15: . | M15: Completed and Issued | N15: 10.04.2026
A16: 573 | B16: Narayan | C16: 77000240410 | D16: {=XLOOKUP(C16,'Master Data'!C:C,'Master Data'!D:D)} -> Hadapsar | E16: {=XLOOKUP(C16,'TSR Initiation'!C:C,'TSR Initiation'!E:E)} -> 29.03.2026 | F16: {=XLOOKUP(C16,'Master Data'!C:C,'Master Data'!E:E)} -> Abhijeet Auto Components Pvt Ltd | G16: {=XLOOKUP(C16,'Master Data'!C:C,'Master Data'!F:F)} -> 1) Mr. Jitendrakumar Narayan Singh 2) Mr. Arunkumar Narayan Singh 3) Mr. Santoshkumar Narayan Singh | H16: {=XLOOKUP(C16,'Master Data'!C:C,'Master Data'!G:G)} -> BT + TOP-UP | I16: {=XLOOKUP(C16,'Master Data'!C:C,'Master Data'!H:H)} -> All that piece and parcel of property admeasuring of H. 00-05 Ares, out of Survey No. 35, Hissa No. 2/1, having an area admeasuring of H. 01-30.50 Ares, together with Pot-Kharab area admeasuring of H. 00-33 Ares, i.e. total area admeasuring of H. 01-63.50 Ares, assessed at Rs. 02-62 Paise, situated at Village – Uruli Devachi, Taluka – Haveli, District – Pune | J16: . | M16: Completed and Issued | N16: 10.04.2026
A17: {=XLOOKUP(C17,'TSR Initiation'!C:C,'TSR Initiation'!A:A)} -> 575 | B17: Narayn | C17: 77000247265 | D17: {=XLOOKUP(C17,'Master Data'!C:C,'Master Data'!D:D)} -> Kolhapur | E17: {=XLOOKUP(C17,'TSR Initiation'!C:C,'TSR Initiation'!E:E)} -> 28.03.2026 | F17: {=XLOOKUP(C17,'Master Data'!C:C,'Master Data'!E:E)} -> Mr.Umravati Jakkappa Patil | G17: Umesh Jakkappa Patil | H17: {=XLOOKUP(C17,'Master Data'!C:C,'Master Data'!G:G)} -> HL Premium Seller BT | I17: {=XLOOKUP(C17,'Master Data'!C:C,'Master Data'!H:H)} -> All that piece and parcel of non-agricultural property bearing Plot No. 5, having an area admeasuring of 104.80 sq. mtrs., together with construction of RCC building having an area admeasuring of 1150 sq. feets., carved out of Gat No. 282, Hissa No. 26, having an area admeasuring of H. 00-19 Ares, assessed at Rs. 00-22 Paise, situated at Village – Gokul Shirgaon, Taluka – Karveer, District – Kolhapur | J17: . | M17: Completed and Issued | N17: 10.04.2026
A18: {=XLOOKUP(C18,'TSR Initiation'!C:C,'TSR Initiation'!A:A)} -> 574 | B18: Adv. Narayan | C18: 77000240495 | D18: {=XLOOKUP(C18,'Master Data'!C:C,'Master Data'!D:D)} -> Hadapsar | E18: {=XLOOKUP(C18,'TSR Initiation'!C:C,'TSR Initiation'!E:E)} -> 02.04.2026 | F18: {=XLOOKUP(C18,'Master Data'!C:C,'Master Data'!E:E)} -> Akash Kale | G18: {=XLOOKUP(C18,'Master Data'!C:C,'Master Data'!F:F)} -> Swati Kale | H18: {=XLOOKUP(C18,'Master Data'!C:C,'Master Data'!G:G)} -> Plot + Construction | I18: {=XLOOKUP(C18,'Master Data'!C:C,'Master Data'!H:H)} -> All that piece and parcel of property bearing Private Plot No. 40, having an area admeasuring of H. 00-00.98 Ares, i.e. 1058 sq. fees., out of the project known as Sai Balaji Greens carved out of land bearing Survey No. 7, Hissa No. 6/6, admeasuring of H. 00-21 Ares, assessed at Rs. 00-75 Ares, situated at Village – Manjari Budruk, Taluka – Haveli, District – Pune | J18: . | M18: Completed and Issued | N18: 10.04.2026
A19: {=XLOOKUP(C19,'TSR Initiation'!C:C,'TSR Initiation'!A:A)} -> 576 | B19: Adv. Narayan | C19: 77000240220 | D19: {=XLOOKUP(C19,'Master Data'!C:C,'Master Data'!D:D)} -> Kolhapur | E19: {=XLOOKUP(C19,'TSR Initiation'!C:C,'TSR Initiation'!E:E)} -> 04.04.2026 | F19: {=XLOOKUP(C19,'Master Data'!C:C,'Master Data'!E:E)} -> Subhash Shamrao Patil | G19: {=XLOOKUP(C19,'Master Data'!C:C,'Master Data'!F:F)} -> Suman Subhash Patil | H19: {=XLOOKUP(C19,'Master Data'!C:C,'Master Data'!G:G)} -> Apana Ghar Regular | I19: {=XLOOKUP(C19,'Master Data'!C:C,'Master Data'!H:H)} -> All that piece and parcel of non-agricultural property admeasuring of H. 00-02 Ares, i.e. 200 sq. mtrs., out of Survey No. 15, Hissa No. 3/1, having total area admeasuring of H. 00-32 Ares, assessed at Rs. 04-25 Paise, situated at Village – Kokrud, Taluka – Shirala, District – Sangli | J19: . | M19: Completed and Issued | N19: 10.04.2026
A20: {=XLOOKUP(C20,'TSR Initiation'!C:C,'TSR Initiation'!A:A)} -> 578 | B20: Adv. Narayan | C20: 77000225313 | D20: {=XLOOKUP(C20,'Master Data'!C:C,'Master Data'!D:D)} -> Kolhapur | E20: {=XLOOKUP(C20,'TSR Initiation'!C:C,'TSR Initiation'!E:E)} -> 06.04.2026 | F20: {=XLOOKUP(C20,'Master Data'!C:C,'Master Data'!E:E)} -> Tanaji Rau Vithekar | G20: {=XLOOKUP(C20,'Master Data'!C:C,'Master Data'!F:F)} | H20: {=XLOOKUP(C20,'Master Data'!C:C,'Master Data'!G:G)} -> Apana Ghar Regular (HL Self Construction) | I20: {=XLOOKUP(C20,'Master Data'!C:C,'Master Data'!H:H)} -> All that piece and parcel of the non-agricultural property bearing CTS No. 65, admeasuring 174.09 Sq. Mtrs., together with an existing structure constructed of stone, brick and mud, having a built-up area admeasuring 52.12 Sq. Mtrs., situated at Village Akurde, Taluka Panhala, District Kolhapur | J20: . | M20: Completed and Issued | N20: 11.04.2026
A21: {=XLOOKUP(C21,'TSR Initiation'!C:C,'TSR Initiation'!A:A)} -> 579 | B21: Adv. Narayan | C21: 77000256070 | D21: {=XLOOKUP(C21,'Master Data'!C:C,'Master Data'!D:D)} -> Baner | E21: {=XLOOKUP(C21,'TSR Initiation'!C:C,'TSR Initiation'!E:E)} -> 04.04.2026 | F21: {=XLOOKUP(C21,'Master Data'!C:C,'Master Data'!E:E)} -> Subrata Nitai Patra | G21: {=XLOOKUP(C21,'Master Data'!C:C,'Master Data'!F:F)} -> Nil | H21: {=XLOOKUP(C21,'Master Data'!C:C,'Master Data'!G:G)} -> LAP BT + TOP UP | I21: {=XLOOKUP(C21,'Master Data'!C:C,'Master Data'!H:H)} -> All that piece and parcel of the property being Residential Apartment No. 7, admeasuring 74.34 Sq. Mtrs. built-up area, situated on the Third Floor, in the building known as “Vitthal Rukhmini Apartment”, constructed on the land bearing City Survey No. 477-A, situated at Raviwar Peth (Gaothan), Pune, Taluka Haveli, District Pune, within the local limits of Pune Municipal Corporation, Pune together with 12.86% undivided share in the common areas and facilities and all other rights, easements and appurtenances thereto. | J21: . | M21: Completed and Issued | N21: 11.04.2026
A22: {=XLOOKUP(C22,'TSR Initiation'!C:C,'TSR Initiation'!A:A)} -> 580 | B22: Adv. Narayan | C22: 77000251375 | D22: {=XLOOKUP(C22,'Master Data'!C:C,'Master Data'!D:D)} -> Kolhapur | E22: {=XLOOKUP(C22,'TSR Initiation'!C:C,'TSR Initiation'!E:E)} -> 07.04.2026 | F22: {=XLOOKUP(C22,'Master Data'!C:C,'Master Data'!E:E)} -> Jagdish Mohanram Mahariya | G22: {=XLOOKUP(C22,'Master Data'!C:C,'Master Data'!F:F)} -> Dhannaram Mohanram Maharia | H22: {=XLOOKUP(C22,'Master Data'!C:C,'Master Data'!G:G)} -> LAP | I22: {=XLOOKUP(C22,'Master Data'!C:C,'Master Data'!H:H)} -> All that piece and parcel of property admeasuring of H. 00-14 Ares, out of Gat No. 54, having an area admeasuring of H. 00-85 Ares, together with Pot-Kharab area admeasuring of H. 00-09 Ares, assessed at Rs. 01-75 Paise, situated at Village – Vikaswadi, Taluka – Karveer, District – Kolhapur | J22: . | M22: Completed and Issued | N22: 11.04.2026
A23: {=XLOOKUP(C23,'TSR Initiation'!C:C,'TSR Initiation'!A:A)} -> 581 | B23: Adv. Narayan | C23: 7792147873 | D23: {=XLOOKUP(C23,'Master Data'!C:C,'Master Data'!D:D)} -> Baner | E23: {=XLOOKUP(C23,'TSR Initiation'!C:C,'TSR Initiation'!E:E)} -> 09.04.2026 | F23: {=XLOOKUP(C23,'Master Data'!C:C,'Master Data'!E:E)} -> Mahika Sales and Services Private Limited | G23: {=XLOOKUP(C23,'Master Data'!C:C,'Master Data'!F:F)} -> Mr. Mahendrakumar Pandit Patil Mrs. Kavita Mahendrakumar Patil | H23: {=XLOOKUP(C23,'Master Data'!C:C,'Master Data'!G:G)} -> Plot Purchase | I23: {=XLOOKUP(C23,'Master Data'!C:C,'Master Data'!H:H)} -> All that piece and parcel of the plot being Plot No. D–13, admeasuring 86.40 Sq. Mtrs., together with proportionate (pro-rata) built-up area admeasuring 49.784 Sq. Mtrs., aggregating to total area admeasuring 136.184 Sq. Mtrs., having total permissible built-up area admeasuring 144.82 Sq. Mtrs., being part of the sanctioned layout known as “Sai Kuber Jewel”, as per Layout Plan bearing No. BP/Layout/Dudulgaon/37/2024 dated 12.07.2024 sanctioned by Pimpri Chinchwad Municipal Corporation, constructed on the land bearing Survey No. 216/1A, admeasuring 3789 Sq. Mtrs., situated at Village Dudulgaon, within the limits of Pimpri Chinchwad Municipal Corporation, Taluka Haveli, District Pune, together with all rights, easements and appurtenances thereto | J23: . | M23: Completed and Issued | N23: 11.04.2026
A24: {=XLOOKUP(C24,'TSR Initiation'!C:C,'TSR Initiation'!A:A)} -> 582 | B24: Adv. Narayan | C24: 7800236434 | D24: {=XLOOKUP(C24,'Master Data'!C:C,'Master Data'!D:D)} -> Wakad | E24: {=XLOOKUP(C24,'TSR Initiation'!C:C,'TSR Initiation'!E:E)} -> 07.04.2026 | F24: {=XLOOKUP(C24,'Master Data'!C:C,'Master Data'!E:E)} -> Kanisfatima Imran Shaikh | G24: {=XLOOKUP(C24,'Master Data'!C:C,'Master Data'!F:F)} -> Imran Anwar Shaikh | H24: {=XLOOKUP(C24,'Master Data'!C:C,'Master Data'!G:G)} -> Resale | I24: {=XLOOKUP(C24,'Master Data'!C:C,'Master Data'!H:H)} -> All that piece and parcel of the property being Flat No. 122, admeasuring 693 Sq. Ft. i.e. 64.38 Sq. Mtrs. saleable area, situated on the Sixth Floor, in Wing “A” of the building known as “Waghere Towers”, constructed on the land bearing Survey No. 101/1B, CTS No. 6449 (part), situated at Village Pimpri Waghere, within the limits of Pimpri Chinchwad Municipal Corporation, Taluka Haveli, District Pune, together with all rights, easements and appurtenances thereto. | J24: . | M24: Completed and Issued | N24: 11.04.2026
A25: {=XLOOKUP(C25,'TSR Initiation'!C:C,'TSR Initiation'!A:A)} -> 586 | B25: Adv. Narayan | C25: 77000252808 | D25: {=XLOOKUP(C25,'Master Data'!C:C,'Master Data'!D:D)} -> Baner | E25: {=XLOOKUP(C25,'TSR Initiation'!C:C,'TSR Initiation'!E:E)} -> 07.04.2026 | F25: {=XLOOKUP(C25,'Master Data'!C:C,'Master Data'!E:E)} -> Prem Wilfred alosias Paul Monis | G25: {=XLOOKUP(C25,'Master Data'!C:C,'Master Data'!F:F)} -> Zitha Pinto | H25: {=XLOOKUP(C25,'Master Data'!C:C,'Master Data'!G:G)} -> HL Resale | I25: {=XLOOKUP(C25,'Master Data'!C:C,'Master Data'!H:H)} -> All that piece and parcel of property bearing Flat No. B-404, having an area admeasuring of 55.28 sq. mtrs., i.e. 595 sq. feets., (Carpet), along with terrace area admeasuring of 4.18 sq. mtrs., i.e. 45 sq. feets., situated on the Fourth Floor, out of the project known as “Nital Residency”, constructed on the entire land property, i.e. Survey No. 35, Hissa No. 1, situated at Village – Narhe, Taluka – Haveli, District – Pune and within local limits of Pune Municipal Corporation, Pune. | J25: . | M25: Completed and Issued | N25: 15.04.2026
A26: {=XLOOKUP(C26,'TSR Initiation'!C:C,'TSR Initiation'!A:A)} -> 587 | B26: Adv. Narayan | C26: 77000251513 | D26: {=XLOOKUP(C26,'Master Data'!C:C,'Master Data'!D:D)} -> Chinchwad | E26: {=XLOOKUP(C26,'TSR Initiation'!C:C,'TSR Initiation'!E:E)} -> 10.04.2026 | F26: {=XLOOKUP(C26,'Master Data'!C:C,'Master Data'!E:E)} -> Mr. Omprakash Sharma | G26: {=XLOOKUP(C26,'Master Data'!C:C,'Master Data'!F:F)} -> Mrs. Kiran Devi, W/o. Omprakash Sharma | H26: {=XLOOKUP(C26,'Master Data'!C:C,'Master Data'!G:G)} -> Builder Purchase | I26: {=XLOOKUP(C26,'Master Data'!C:C,'Master Data'!H:H)} -> All that piece and parcel of the Flat No.301 admeasuring 25.35 Sq. Mtrs. (Carpet Area) along with Enclosed Balcony admeasuring 7.45 Sq. Mtrs. and Open Balcony admeasuring 2.80 Sq. Mtrs. on the Third Floor, in the said project known as "Lotus Residency", constructed on the Private Plot No. 11 and 12 carved out of Survey No. 13/1A/3/2, situated at Village – Mamrudi, Taluka – Haveli, District – Pune and within local limits of Pimpri Chinchwad Municipal Corporation, Pimpri. | J26: . | M26: Completed and Issued | N26: 15.04.2026
A27: {=XLOOKUP(C27,'TSR Initiation'!C:C,'TSR Initiation'!A:A)} -> 585 | B27: Adv. Narayan | C27: 7792145952 | D27: {=XLOOKUP(C27,'Master Data'!C:C,'Master Data'!D:D)} -> Wakad | E27: {=XLOOKUP(C27,'TSR Initiation'!C:C,'TSR Initiation'!E:E)} -> 09.04.2026 | F27: {=XLOOKUP(C27,'Master Data'!C:C,'Master Data'!E:E)} -> Amar Keshav Khote | G27: {=XLOOKUP(C27,'Master Data'!C:C,'Master Data'!F:F)} -> Shubhangi Amar Khote | H27: {=XLOOKUP(C27,'Master Data'!C:C,'Master Data'!G:G)} -> Resale | I27: {=XLOOKUP(C27,'Master Data'!C:C,'Master Data'!H:H)} -> All that piece and parcel of the property being Apartment/Flat No. 311, admeasuring 37.77 Sq. Mtrs. carpet area, along with balcony admeasuring 4.59 Sq. Mtrs. and one covered car parking space, situated on the Second Residential Habitable Floor, in Building/Tower “D” of the project known as “Life Republic – Sector R-10 / Avenue-10 (Universe) Phase-4”, constructed on land bearing New Survey No. 86 (Old Survey No. 78/1 Part, 80, 81 Part and others), New Survey No. 74/B (Old Survey No. 74/2, 74/3, 74/9/2 and others) and out of Survey Nos. 124/1/1 (Part), 124/1/2 (Part), 124/2 (Part) and others, situated at Villages Jambe, Nere and Marunji, Taluka Mulshi, District Pune, together with all rights, easements and appurtenances thereto. | J27: . | M27: Completed and Issued | N27: 15.04.2026
A28: {=XLOOKUP(C28,'TSR Initiation'!C:C,'TSR Initiation'!A:A)} -> 577 | B28: Adv. Narayan | C28: 77000254383 | D28: {=XLOOKUP(C28,'Master Data'!C:C,'Master Data'!D:D)} -> Kolhapur | E28: {=XLOOKUP(C28,'TSR Initiation'!C:C,'TSR Initiation'!E:E)} -> 06.04.2026 | F28: {=XLOOKUP(C28,'Master Data'!C:C,'Master Data'!E:E)} -> Tajmohammad | G28: {=XLOOKUP(C28,'Master Data'!C:C,'Master Data'!F:F)} -> Khairul Nesha | H28: {=XLOOKUP(C28,'Master Data'!C:C,'Master Data'!G:G)} -> Apana Ghar Regular | I28: {=XLOOKUP(C28,'Master Data'!C:C,'Master Data'!H:H)} -> All that piece and parcel of property admeasuring of Gat No. 298/1A/Plot No./37, having an area admeasuring of 66 sq. mtrs., together with RCC building consisting of Ground Floor having built-up area admeasuring of 52.80 sq. mtrs., and First Floor having built-up area admeasuring of 52.80 sq. mtrs., i.e. total built-up area admeasuring of 105.60 sq. mtrs., situated at Village – Kalambe Tarfe Thane, Taluka – Karveer, District – Kolhapur | J28: . | M28: Completed and Issued | N28: 10.04.2026
A29: {=XLOOKUP(C29,'TSR Initiation'!C:C,'TSR Initiation'!A:A)} -> 590 | B29: Adv. Narayan | C29: 77000251175_1 | D29: {=XLOOKUP(C29,'Master Data'!C:C,'Master Data'!D:D)} -> Main | E29: {=XLOOKUP(C29,'TSR Initiation'!C:C,'TSR Initiation'!E:E)} -> 13.04.2026 | F29: {=XLOOKUP(C29,'Master Data'!C:C,'Master Data'!E:E)} -> Aaiji Developers | G29: {=XLOOKUP(C29,'Master Data'!C:C,'Master Data'!F:F)} -> Jiwaram Magaji Choudhary Suresh Jiwaram Choudhary Hemant Jiwaram Choudhary | H29: {=XLOOKUP(C29,'Master Data'!C:C,'Master Data'!G:G)} -> Lap Commercial | I29: {=XLOOKUP(C29,'Master Data'!C:C,'Master Data'!H:H)} -> All that piece and parcel of property bearing Office No. 401, having carpet area admeasuring of 714.50 sq. mtrs., situated on the Fourth Floor, out of the project known as “Solitaire Business Hub – Baner”, constructed on the entire land bearing Survey No. 3/7B,+ 9 situated at Village Baner, Taluka – Haveli, District – Pune and within local limits of Pune Municipal Corporation, Pune. | J29: . | M29: Completed and Issued | N29: 16.04.2026
A30: {=XLOOKUP(C30,'TSR Initiation'!C:C,'TSR Initiation'!A:A)} -> 591 | B30: Adv. Narayan | C30: 77000251175_2 | D30: {=XLOOKUP(C30,'Master Data'!C:C,'Master Data'!D:D)} -> Main | E30: {=XLOOKUP(C30,'TSR Initiation'!C:C,'TSR Initiation'!E:E)} -> 13.04.2026 | F30: {=XLOOKUP(C30,'Master Data'!C:C,'Master Data'!E:E)} -> Aaiji Developers | G30: {=XLOOKUP(C30,'Master Data'!C:C,'Master Data'!F:F)} -> Jiwaram Magaji Choudhary Suresh Jiwaram Choudhary Hemant Jiwaram Choudhary | H30: {=XLOOKUP(C30,'Master Data'!C:C,'Master Data'!G:G)} -> Lap Commercial | I30: {=XLOOKUP(C30,'Master Data'!C:C,'Master Data'!H:H)} -> All that piece and parcel of property bearing Office No. 501, having carpet area admeasuring of 714.50 sq. mtrs., situated on the Fifth Floor, out of the project known as “Solitaire Business Hub – Baner”, constructed on the entire land bearing Survey No. 3/7B,+ 9 situated at Village Baner, Taluka – Haveli, District – Pune and within local limits of Pune Municipal Corporation, Pune. | J30: . | M30: Completed and Issued | N30: 16.04.2026
A31: {=XLOOKUP(C31,'TSR Initiation'!C:C,'TSR Initiation'!A:A)} -> 584 | B31: Adv. Narayan | C31: 77000249626 | D31: {=XLOOKUP(C31,'Master Data'!C:C,'Master Data'!D:D)} -> Kharadi | E31: {=XLOOKUP(C31,'TSR Initiation'!C:C,'TSR Initiation'!E:E)} -> 08.04.2026 | F31: {=XLOOKUP(C31,'Master Data'!C:C,'Master Data'!E:E)} -> Amit Arvind Kadam | G31: {=XLOOKUP(C31,'Master Data'!C:C,'Master Data'!F:F)} -> Pallavi Amit Kadam | H31: {=XLOOKUP(C31,'Master Data'!C:C,'Master Data'!G:G)} -> Balance Transfer | I31: {=XLOOKUP(C31,'Master Data'!C:C,'Master Data'!H:H)} -> All that piece and parcel of the property being Apartment No. 1304, admeasuring 53.52 Sq. Mtrs. carpet area, along with adjoining open balcony admeasuring 7.68 Sq. Mtrs., situated on the Thirteenth Floor, in Building No. “B” of the project known as “Yashada Supreme”, constructed on land bearing Gat No. 96 admeasuring 2 H 25 R (including Pot Kharaba area 0 H 3 R) and Gat No. 97 admeasuring 0 H 64 R (including Pot Kharaba area 0 H 1 R), aggregating to total land admeasuring 2 H 30 R, situated at Village Dudulgaon, Taluka Haveli, District Pune, within the limits of Pimpri Chinchwad Municipal Corporation, together with all rights, easements and appurtenances thereto. | J31: . | M31: Completed and Issued | N31: 11.04.2026
A32: {=XLOOKUP(C32,'TSR Initiation'!C:C,'TSR Initiation'!A:A)} -> 591 | B32: Adv. Narayan | C32: 77000244624 | D32: {=XLOOKUP(C32,'Master Data'!C:C,'Master Data'!D:D)} -> Baner | E32: {=XLOOKUP(C32,'TSR Initiation'!C:C,'TSR Initiation'!E:E)} -> 10.04.2026 | F32: {=XLOOKUP(C32,'Master Data'!C:C,'Master Data'!E:E)} -> Rekha Ankush Kongale | G32: {=XLOOKUP(C32,'Master Data'!C:C,'Master Data'!F:F)} -> Ankush Vyankat Kongale | H32: {=XLOOKUP(C32,'Master Data'!C:C,'Master Data'!G:G)} -> BUILDER PURCHASE | I32: {=XLOOKUP(C32,'Master Data'!C:C,'Master Data'!H:H)} -> All that piece and parcel of the residential premises being Flat No. 705, situated at Seventh Floor, admeasuring about 427.87 Sq. ft. = 39.76 Sq. mtrs. carpet alongwith balcony admeasuring about 50.26 Sq. ft. = 4.67 Sq. mtrs. thus total admeasuring about 478.13 Sq. ft. = 44.42 Sq. mtrs. in the building of Nakshatra Residency Cooperative Housing Society Ltd. constructed on land Survey No. 43, Hissa No. 7/2A/1/1 and Survey No. 43, Hissa No. 7/2B, situated at Village Katraj, Taluka Haveli, District Pune and within local limits of Pune Municipal Corportion, Pune. | J32: . | M32: Completed and Issued | N32: 16.04.2026
A33: {=XLOOKUP(C33,'TSR Initiation'!C:C,'TSR Initiation'!A:A)} -> 583 | B33: Adv. Narayan | C33: 77000251172 | D33: {=XLOOKUP(C33,'Master Data'!C:C,'Master Data'!D:D)} -> Vishrantwadi | E33: {=XLOOKUP(C33,'TSR Initiation'!C:C,'TSR Initiation'!E:E)} -> 15.04.2026 | F33: {=XLOOKUP(C33,'Master Data'!C:C,'Master Data'!E:E)} -> Seema Abhijeet Rithe | G33: {=XLOOKUP(C33,'Master Data'!C:C,'Master Data'!F:F)} -> Nilesh Soundade | H33: {=XLOOKUP(C33,'Master Data'!C:C,'Master Data'!G:G)} -> Resale | I33: {=XLOOKUP(C33,'Master Data'!C:C,'Master Data'!H:H)} -> All that piece and parcel of the property being Flat No. 351, admeasuring 928 Sq. Ft. i.e. 86.25 Sq. Mtrs. carpet area, along with terrace admeasuring 109 Sq. Ft. i.e. 10.13 Sq. Mtrs., situated on the Third Floor, in Building No. “I” (Tropica I Co-operative Housing Society Limited) of the project known as “Tropica”, constructed on land bearing Survey Nos. 56/1A, 57/2, 58/1A and 57/1B, situated at Village Ravet, Taluka Haveli, District Pune, within the limits of Pimpri Chinchwad Municipal Corporation, together with Car Parking No. 727 (below central podium garden), bearing Property No. 1150103129.00 and Electricity Consumer No. 170074482328, along with all rights, easements and appurtenances thereto. | J33: . | M33: Completed and Issued | N33: 16.04.2026
A34: {=XLOOKUP(C34,'TSR Initiation'!C:C,'TSR Initiation'!A:A)} -> 594 | B34: Adv. Narayan | C34: 77000254650 | D34: {=XLOOKUP(C34,'Master Data'!C:C,'Master Data'!D:D)} -> Wakad | E34: {=XLOOKUP(C34,'TSR Initiation'!C:C,'TSR Initiation'!E:E)} -> 14.04.2026 | F34: {=XLOOKUP(C34,'Master Data'!C:C,'Master Data'!E:E)} -> Bhagwandatta Varma | G34: {=XLOOKUP(C34,'Master Data'!C:C,'Master Data'!F:F)} -> Nirmala Varma | H34: {=XLOOKUP(C34,'Master Data'!C:C,'Master Data'!G:G)} -> Lap | I34: {=XLOOKUP(C34,'Master Data'!C:C,'Master Data'!H:H)} -> All that piece and parcel of the property being Flat No. 13, admeasuring 850 Sq. Ft. i.e. 78.99 Sq. Mtrs., situated on the Second Floor, in Wing “B” of Building “B”, in the building known as “Swapnanagari”, constructed on land bearing Gat Nos. 381, 382, 383, 384, 385, 386, 370, 390 and 484/3, admeasuring total non-agricultural area 44,476.91 Sq. Mtrs., situated at Village Chakan, Taluka Khed, District Pune, together with all rights, easements and appurtenances thereto. | J34: . | M34: Completed and Issued | N34: 17.04.2026
A35: {=XLOOKUP(C35,'TSR Initiation'!C:C,'TSR Initiation'!A:A)} -> 589 | B35: Adv. Narayan | C35: 7792151842 | D35: {=XLOOKUP(C35,'Master Data'!C:C,'Master Data'!D:D)} -> Wakad | E35: {=XLOOKUP(C35,'TSR Initiation'!C:C,'TSR Initiation'!E:E)} -> 13.04.2026 | F35: {=XLOOKUP(C35,'Master Data'!C:C,'Master Data'!E:E)} -> Prabhakar Nagesh Tandale | G35: {=XLOOKUP(C35,'Master Data'!C:C,'Master Data'!F:F)} -> Aruna Prabhakar Tandale | H35: {=XLOOKUP(C35,'Master Data'!C:C,'Master Data'!G:G)} -> Builder Purchase Non APF | I35: {=XLOOKUP(C35,'Master Data'!C:C,'Master Data'!H:H)} -> All that piece and parcel of the Flat No. 403, admeasuring Carpet Area 37.44 Sq. Mtrs. along with Sit-out Area 3.57 Sq. Mtrs., situated on the Fourth Floor, in Building “D” (EWS) of the project known as “Gangadham Towers”, constructed on the land bearing CTS No. 370, Hissa No. 4 (earlier Survey No. 578, Hissa No. 2), situated at Village Bibwewadi (Munjeri), Taluka Pune City, District Pune, within the limits of Pune Municipal Corporation. | J35: . | M35: Completed and Issued | N35: 17.04.2026
A36: {=XLOOKUP(C36,'TSR Initiation'!C:C,'TSR Initiation'!A:A)} -> 595 | B36: Adv. Narayan | C36: 77000256348 | D36: {=XLOOKUP(C36,'Master Data'!C:C,'Master Data'!D:D)} -> Main | E36: {=XLOOKUP(C36,'TSR Initiation'!C:C,'TSR Initiation'!E:E)} -> 15.04.2026 | F36: {=XLOOKUP(C36,'Master Data'!C:C,'Master Data'!E:E)} -> Mayur Shankar Amrale | G36: {=XLOOKUP(C36,'Master Data'!C:C,'Master Data'!F:F)} -> Kunal Shankar Amrale | H36: {=XLOOKUP(C36,'Master Data'!C:C,'Master Data'!G:G)} -> Case self contraction | I36: {=XLOOKUP(C36,'Master Data'!C:C,'Master Data'!H:H)} -> All that piece and parcel of property bearing CTS No. 41, having an area admeasuring of 164.31 sq. mtrs., situated at Village – Ambethan, Taluka – Khed, District – Pune. | J36: . | M36: Completed and Issued | N36: 17.04.2026
A37: {=XLOOKUP(C37,'TSR Initiation'!C:C,'TSR Initiation'!A:A)} -> 596 | B37: Adv. Narayan | C37: 77000232406 | D37: {=XLOOKUP(C37,'Master Data'!C:C,'Master Data'!D:D)} -> Baner | E37: {=XLOOKUP(C37,'TSR Initiation'!C:C,'TSR Initiation'!E:E)} -> 14.04.2026 | F37: {=XLOOKUP(C37,'Master Data'!C:C,'Master Data'!E:E)} -> Saumya Umeshkumar Trivedi | G37: {=XLOOKUP(C37,'Master Data'!C:C,'Master Data'!F:F)} | H37: {=XLOOKUP(C37,'Master Data'!C:C,'Master Data'!G:G)} -> HL Resale | I37: {=XLOOKUP(C37,'Master Data'!C:C,'Master Data'!H:H)} -> All that piece and parcel of the Flat No. 601, admeasuring Carpet Area 41.17 Sq. Mtrs. i.e. 443 Sq. Ft. along with additional saleable terrace area admeasuring 3.25 Sq. Mtrs. i.e. 35 Sq. Ft., situated on the Sixth Floor of Wing “H” in the project known as “Akruti Countrywoods”, constructed on land bearing Survey Nos. 45/1/1, 45/1/4, 45/1/4/1, 45/1/4/6, 45/1/4/8A, 45/2/1, 45/2/2, 45/3/1, 45/3/2, 45/3/3, 45/3/9, 45/3/11, 45/3/14 (part), 45/3/15, 45/3/16, 45/3/17, 45/3/18, 45/4/1, 45/4/2 (part), 45/5/1, 45/5/2, 45/5/4, 45/5/5 and its sub-divisions, 45/5/6, 45/5/7, 45/5/9, 45/5/13, 45/5/15, 45/5/16, 45/6/1 (part), 45/6/2, 45/6/3, 45/6/4 and its sub-divisions, 45/6/5, 45/6/6, 45/7/1, 45/7/2, 45/7/3, 45/7/4, 45/7/5 and its sub-divisions, 45/7/6 (part), 45/7/7, 45/7/8 and its sub-divisions, 45/7/9 and its sub-divisions, 45/3/10, 45/3/12, 45/3/13, 45/3/19, 45/3/20, 45/3/21, 45/3/22 and its sub-divisions, 45/5/3, 45/5/8, 45/5/10, 45/5/11, 45/5/12 and its sub-divisions, 45/5/14, together admeasuring in aggregate about 17 Hectares 29.3386 Ares i.e. 172,933.86 Sq. Mtrs., out of which land admeasuring 54,339.99 Sq. Mtrs. is developed for the said project, situated at Village Kondhwa Budruk, Taluka Haveli, District Pune, within the limits of Pune Municipal Corporation, together with all rights, easements and appurtenances attached thereto. | J37: . | M37: Completed and Issued | N37: 17.04.2026
A38: {=XLOOKUP(C38,'TSR Initiation'!C:C,'TSR Initiation'!A:A)} -> 598 | B38: Adv. Narayan | C38: 77000236583 | D38: {=XLOOKUP(C38,'Master Data'!C:C,'Master Data'!D:D)} -> Main | E38: {=XLOOKUP(C38,'TSR Initiation'!C:C,'TSR Initiation'!E:E)} -> 15.04.2026 | F38: {=XLOOKUP(C38,'Master Data'!C:C,'Master Data'!E:E)} -> waman jadhav | G38: {=XLOOKUP(C38,'Master Data'!C:C,'Master Data'!F:F)} -> mahananda jadhav | H38: {=XLOOKUP(C38,'Master Data'!C:C,'Master Data'!G:G)} -> resale( seller BT) | I38: {=XLOOKUP(C38,'Master Data'!C:C,'Master Data'!H:H)} -> All that piece and parcel of the Flat No. 1, admeasuring 48.60 Sq. Mtrs., together with adjoining terrace admeasuring 46 Sq. Ft. i.e. 4.27 Sq. Mtrs. (built-up), situated on the First Floor of the building known as “Pratibha Apartment”, constructed on land bearing Survey Nos. 23, 24, 55, 57 and 58 corresponding to City Survey No. 23, out of Plot No. 80, situated at Village Karvenagar, Taluka Haveli, District Pune. | J38: . | M38: Completed and Issued | N38: 17.04.2026
A39: {=XLOOKUP(C39,'TSR Initiation'!C:C,'TSR Initiation'!A:A)} -> 600 | B39: Adv. Narayan | C39: 77000258297 | D39: {=XLOOKUP(C39,'Master Data'!C:C,'Master Data'!D:D)} -> Kolhapur | E39: {=XLOOKUP(C39,'TSR Initiation'!C:C,'TSR Initiation'!E:E)} -> 13.04.2026 | F39: {=XLOOKUP(C39,'Master Data'!C:C,'Master Data'!E:E)} -> Anand Madhukar Patil | G39: {=XLOOKUP(C39,'Master Data'!C:C,'Master Data'!F:F)} -> Rupali Anand patil | H39: {=XLOOKUP(C39,'Master Data'!C:C,'Master Data'!G:G)} -> Regular HL BT+ TOP-UP | I39: {=XLOOKUP(C39,'Master Data'!C:C,'Master Data'!H:H)} -> All that piece and parcel of the property bearing Plot No. 64A out of Gut No. 546/1/B/64/A (formed under Gunthewari), admeasuring 204.46 Sq. Mtrs. i.e. 2200 Sq. Ft., situated at E Ward, Kasba Bawda, within the limits of Kolhapur Municipal Corporation, together with a structure thereon comprising a tin shed construction admeasuring 45.00 Sq. Mtrs. (built-up), along with all rights, easements and appurtenances attached thereto | J39: . | M39: Completed and Issued | N39: 17.04.2026
A40: {=XLOOKUP(C40,'TSR Initiation'!C:C,'TSR Initiation'!A:A)} -> 599 | B40: Adv. Narayan | C40: 77000255326 | D40: {=XLOOKUP(C40,'Master Data'!C:C,'Master Data'!D:D)} -> Kolhapur | E40: {=XLOOKUP(C40,'TSR Initiation'!C:C,'TSR Initiation'!E:E)} -> 09.04.2026 | F40: {=XLOOKUP(C40,'Master Data'!C:C,'Master Data'!E:E)} -> Santosh Hirappa Sutar | G40: {=XLOOKUP(C40,'Master Data'!C:C,'Master Data'!F:F)} -> Suraj Hirappa Sutar | H40: {=XLOOKUP(C40,'Master Data'!C:C,'Master Data'!G:G)} -> Non Home Loan LAP | I40: {=XLOOKUP(C40,'Master Data'!C:C,'Master Data'!H:H)} -> All that piece and parcel of properties bearing- a. Plot No. 1, having an area admeasuring of 147.98 sq. mtrs., b. Plot No. 2, having an area admeasuring of 141.47 sq. mtrs., c. Plot No. 3, having an area admeasuring of 150.67 sq. mtrs., d. Plot No. 4, having an area admeasuring of 159.88 sq. mtrs., i.e. total area admeasuring of 600 sq. mtrs., carved out of entire land bearing R.S. No. 237/3/A, having total area admeasuring of H. 00-17.95 Ares, assessed at Rs. 02-10 Paise, situated at Village – Gokul Shirgaon, Taluka – Karveer, District – Kolhapur | J40: . | M40: Completed and Issued | N40: 17.04.2026
A41: {=XLOOKUP(C41,'TSR Initiation'!C:C,'TSR Initiation'!A:A)} -> 601 | B41: Adv. Narayan | C41: 77000256309 | D41: {=XLOOKUP(C41,'Master Data'!C:C,'Master Data'!D:D)} -> Kolhapur | E41: {=XLOOKUP(C41,'TSR Initiation'!C:C,'TSR Initiation'!E:E)} -> 13.04.2026 | F41: {=XLOOKUP(C41,'Master Data'!C:C,'Master Data'!E:E)} -> Dipak Sambhaji Kadam | G41: {=XLOOKUP(C41,'Master Data'!C:C,'Master Data'!F:F)} -> Rahul Sambhaji Kadam Bharati Rahul Kadam | H41: {=XLOOKUP(C41,'Master Data'!C:C,'Master Data'!G:G)} -> Regular P+C | I41: {=XLOOKUP(C41,'Master Data'!C:C,'Master Data'!H:H)} -> A ward Karvir Kolhapur S.No.896 | J41: . | M41: Completed and Issued | N41: 18.04.2026
A42: {=XLOOKUP(C42,'TSR Initiation'!C:C,'TSR Initiation'!A:A)} -> 602 | B42: Adv. Narayan | C42: 77000251849 | D42: {=XLOOKUP(C42,'Master Data'!C:C,'Master Data'!D:D)} -> Kolhapur | E42: {=XLOOKUP(C42,'TSR Initiation'!C:C,'TSR Initiation'!E:E)} -> 13.04.2026 | F42: {=XLOOKUP(C42,'Master Data'!C:C,'Master Data'!E:E)} -> Suhas Appasaheb Gavali | G42: {=XLOOKUP(C42,'Master Data'!C:C,'Master Data'!F:F)} -> Rajshri Suhas Gavali | H42: {=XLOOKUP(C42,'Master Data'!C:C,'Master Data'!G:G)} -> Regular Lap BT+Topup | I42: {=XLOOKUP(C42,'Master Data'!C:C,'Master Data'!H:H)} -> A ward Karvir Kolhapur S.No. 858 | J42: . | M42: Completed and Issued | N42: 18.04.2026
... A47: {=XLOOKUP(C47,'TSR Initiation'!C:C,'TSR Initiation'!A:A)} -> 608 | B47: Adv. Narayan | C47: 7700245883 | D47: {=XLOOKUP(C47,'Master Data'!C:C,'Master Data'!D:D)} -> Kharadi | E47: {=XLOOKUP(C47,'TSR Initiation'!C:C,'TSR Initiation'!E:E)} -> 17.04.2026 | F47: {=XLOOKUP(C47,'Master Data'!C:C,'Master Data'!E:E)} -> Gaurav Paigude | G47: {=XLOOKUP(C47,'Master Data'!C:C,'Master Data'!F:F)} -> Shobha Paigude | H47: {=XLOOKUP(C47,'Master Data'!C:C,'Master Data'!G:G)} -> BT | I47: {=XLOOKUP(C47,'Master Data'!C:C,'Master Data'!H:H)} -> All that piece and parcel of Flat No. 10, admeasuring of 500 sq. ft. (i.e. 46.46 sq. mtrs.) saleable area, situated on the Second Floor of the building known as “Pari Heights”, constructed on land bearing Survey No. 45, Hissa No. 6, admeasuring in aggregate 00 Hectare 37 Are (including Pot Kharaba), assessed at Rs. 00.31 Paise, situated at Village Mouje Nere, Taluka Haveli, District Pune and within local limits of Pune Municipal Corporation, Pune. | J47: . | M47: Completed and Issued | N47: 18.04.2026
A48: {=XLOOKUP(C48,'TSR Initiation'!C:C,'TSR Initiation'!A:A)} -> 605 | B48: Adv. Narayan | C48: APF_2 | D48: {=XLOOKUP(C48,'Master Data'!C:C,'Master Data'!D:D)} -> Main | E48: {=XLOOKUP(C48,'TSR Initiation'!C:C,'TSR Initiation'!E:E)} -> 18.04.2026 | F48: {=XLOOKUP(C48,'Master Data'!C:C,'Master Data'!E:E)} -> Skylark Apartments RVR 7A at Riverview City | G48: {=XLOOKUP(C48,'Master Data'!C:C,'Master Data'!F:F)} | H48: {=XLOOKUP(C48,'Master Data'!C:C,'Master Data'!G:G)} -> APF_2 | I48: {=XLOOKUP(C48,'Master Data'!C:C,'Master Data'!H:H)} -> Pune. Kadmakvasti. S. No. 540 | J48: Rs. 25,000 | M48: Completed and Issued | N48: 20.04.2026
A49: {=XLOOKUP(C49,'TSR Initiation'!C:C,'TSR Initiation'!A:A)} -> 610 | B49: Adv. Narayan | C49: 77000222267 | D49: {=XLOOKUP(C49,'Master Data'!C:C,'Master Data'!D:D)} -> Vishrantwadi | E49: {=XLOOKUP(C49,'TSR Initiation'!C:C,'TSR Initiation'!E:E)} -> 15.04.2026 | F49: {=XLOOKUP(C49,'Master Data'!C:C,'Master Data'!E:E)} -> Aditya Vijay Wadekar | G49: {=XLOOKUP(C49,'Master Data'!C:C,'Master Data'!F:F)} -> Vijay Sitaram Wadekar | H49: {=XLOOKUP(C49,'Master Data'!C:C,'Master Data'!G:G)} -> Resale | I49: {=XLOOKUP(C49,'Master Data'!C:C,'Master Data'!H:H)} -> All that piece and parcel of property bearing Flat No. A-11, having an area admeasuring of 875 sq. feets., i.e. 81.31 sq. mtrs., situated on the Third Floor, out of the project known as “Rajlaxmi Glory”, constructed on the entire land property, i.e. Plot No. 2, carved out of Gat No. 490/1, (Old Gat No. 1842), situated at Village – Medankarwadi, Taluka – Khed, District – Pune. | J49: . | M49: Completed and Issued | N49: 20.04.2026
A50: {=XLOOKUP(C50,'TSR Initiation'!C:C,'TSR Initiation'!A:A)} -> 611 | B50: Adv. Narayan | C50: 77000261957 | D50: {=XLOOKUP(C50,'Master Data'!C:C,'Master Data'!D:D)} -> Chinchwad | E50: {=XLOOKUP(C50,'TSR Initiation'!C:C,'TSR Initiation'!E:E)} -> 17.04.2026 | F50: {=XLOOKUP(C50,'Master Data'!C:C,'Master Data'!E:E)} -> MRUNALINI Vishwas Tongale | G50: {=XLOOKUP(C50,'Master Data'!C:C,'Master Data'!F:F)} -> Viraj Vishwas Tongale | H50: {=XLOOKUP(C50,'Master Data'!C:C,'Master Data'!G:G)} -> LAP | I50: {=XLOOKUP(C50,'Master Data'!C:C,'Master Data'!H:H)} -> All that piece and parcel of property bearing Shop (Store) No. 32, having an area admeasuring of 175 sq. feets., i.e. 16.26 sq. mtrs., situated on the Ground Floor, out of the project known as “Khandage Arcade”, constructed on the land bearing CTS No. 1158 to 1184, situated at Village – Talegaon Dabhade (Shahari), Taluka – Mawal, District – Pune. | J50: . | M50: Completed and Issued | N50: 20.04.2026
